0.5,0,0,0.255312,0.119067,0.0112,1
0.5,0,0,0.206545,0.112746,0.010525,1
0.5,0,0,0.240309,0.12425,0.008024,1
0.5,0,0,0.227445,0.090237,0.015839,1
0.5,0,0,0.210628,0.131742,0.012905,1
0.5,0,0,0.239436,0.118156,0.036428,1
0.5,0,0,0.295474,0.16725,0.029705,1
0.5,0,0,0.226443,0.114796,0.006678,1
0.5,0,0,0.303822,0.163545,0.026748,1
0.5,0,0,0.251351,0.163385,0.027593,1
0.5,0,0,0.221419,0.124507,0.011435,1
0.5,0,0,0.226443,0.04787,0.012119,1
0.5,0,0,0.315433,0.136389,0.045937,1
0.5,0,0,0.237554,0.074721,0.011662,1
0.5,0,0,0.245583,0.110146,0.014735,1
0.5,0,0,0.220919,0.058451,0.004804,1
0.5,0,0,0.209618,0.089843,0.01858,1
0.5,0,0,0.275773,0.158055,0.012438,1
0.5,0,0,0.214392,0.154735,0.00683,1
0.5,0,0,0.264222,0.112217,0.021418,1
0.5,0,0,0.215644,0.13021,0.007503,1
0.5,0,0,0.2223,0.070261,0.004978,1
0.5,0,0,0.249788,0.066288,0.013369,1
0.5,0,0,0.226003,0.079309,0.009329,1
0.5,0,0,0.277776,0.091115,0.023523,1
0.5,0,0,0.241439,0.084324,0.013814,1
0.5,0,0,0.263721,0.094878,0.013367,1
0.5,0,0,0.265603,0.155292,0.018972,1
0.5,0,0,0.244323,0.137052,0.02576,1
0.5,0,0,0.267986,0.074884,0.011385,1
0.5,0,0,0.23385,0.081153,0.0149,1
0.5,0,0,0.219788,0.113867,0.014212,1
0.5,0,0,0.230018,0.108241,0.021838,1
0.5,0,0,0.180317,0.022907,0.012898,1
0.5,0,0,0.180879,0.141338,0.016201,1
0.5,0,0,0.254432,0.076159,0.017284,1
0.5,0,0,0.225062,0.06462,0.011863,1
0.5,0,0,0.255935,0.160004,0.019075,1
0.5,0,0,0.232591,0.102123,0.014199,1
0.5,0,0,0.185015,0.102476,0.013929,1
0.5,0,0,0.236674,0.141574,0.015219,1
0.5,0,0,0.174094,0.049311,0.011095,1
0.5,0,0,0.215834,0.123491,0.009676,1
0.5,0,0,0.253992,0.112819,0.011724,1
0.5,0,0,0.22318,0.053604,0.012965,1
0.5,0,0,0.278656,0.131918,0.027156,1
0.5,0,0,0.267986,0.09456,0.028369,1
0.5,0,0,0.263653,0.100517,0.031616,1
0.5,0,0,0.194493,0.109782,0.011321,1
0.5,0,0,0.235793,0.088688,0.009747,1
0.5,0,0,0.188786,0.156564,0.021611,1
0.5,0,0,0.267865,0.105323,0.011182,1
0.5,0,0,0.186904,0.085107,0.007469,1
0.5,0,0,0.217154,0.06769,0.004259,1
0.5,0,0,0.214453,0.063215,0.010243,1
0.5,0,0,0.240498,0.102162,0.016001,1
0.5,0,0,0.22274,0.089748,0.01197,1
0.5,0,0,0.256314,0.104545,0.020921,1
0.5,0,0,0.256496,0.116218,0.024174,1
0.5,0,0,0.206924,0.140576,0.018006,1
0.5,0,0,0.215834,0.127866,0.013212,1
0.5,0,0,0.228007,0.125265,0.020156,1
0.5,0,0,0.213572,0.08959,0.013279,1
0.5,0,0,0.252611,0.111006,0.006801,1
0.5,0,0,0.232591,0.201299,0.025384,1
0.5,0,0,0.28318,0.088954,0.022335,1
0.5,0,0,0.254311,0.107063,0.023169,1
0.5,0,0,0.271629,0.115636,0.01553,1
0.5,0,0,0.195814,0.098875,0.008298,1
0.5,0,0,0.275894,0.139672,0.018208,1
0.5,0,0,0.238677,0.145392,0.019581,1
0.5,0,0,0.232469,0.105953,0.010044,1
0.5,0,0,0.193431,0.052935,0.01566,1
0.5,0,0,0.223241,0.040885,0.010284,1
0.5,0,0,0.2619,0.142649,0.026795,1
0.5,0,0,0.228948,0.092154,0.024209,1
0.5,0,0,0.22129,0.091166,0.012478,1
0.5,0,0,0.208624,0.087236,0.00638,1
0.5,0,0,0.25173,0.129597,0.011043,1
0.5,0,0,0.185455,0.067919,0.012096,1
0.5,0,0,0.233152,0.122887,0.014265,1
0.5,0,0,0.223613,0.118681,0.019425,1
0.5,0,0,0.189098,0.094258,0.016242,1
0.5,0,0,0.248217,0.084707,0.019738,1
0.5,0,0,0.245082,0.117045,0.020296,1
0.5,0,0,0.21213,0.105448,0.010502,1
0.5,0,0,0.235793,0.052238,0.011226,1
0.5,0,0,0.20316,0.047592,0.004638,1
0.5,0,0,0.198015,0.014986,0.003609,1
0.5,0,0,0.236416,0.152875,0.026052,1
0.5,0,0,0.268866,0.085819,0.010641,1
0.5,0,0,0.236233,0.051683,0.010013,1
0.5,0,0,0.208306,0.093725,0.010488,1
0.5,0,0,0.281859,0.092202,0.016913,1
0.5,0,0,0.279916,0.171957,0.027619,1
0.5,0,0,0.256436,0.149118,0.027333,1
0.5,0,0,0.194873,0.037761,0.010394,1
0.5,0,0,0.219408,0.135123,0.01206,1
0.5,0,0,0.193992,0.092409,0.007384,1
0.5,0,0,0.241819,0.15225,0.012324,1
0.5,0,0,0.261839,0.089646,0.0198,1
0.5,0,0,0.263547,0.153352,0.051347,1
0.5,0,0,0.2432,0.106847,0.020413,1
0.5,0,0,0.267425,0.126761,0.019445,1
0.5,0,0,0.257695,0.108495,0.008018,1
0.5,0,0,0.264723,0.09628,0.013163,1
0.5,0,0,0.180074,0.1572,0.040765,1
0.5,0,0,0.170588,0.113239,0.036148,1
0.5,0,0,0.209186,0.027788,0.012217,1
0.5,0,0,0.207744,0.05973,0.016611,1
0.5,0,0,0.246084,0.076747,0.007212,1
0.5,0,0,0.28148,0.130004,0.016869,1
0.5,0,0,0.225062,0.085361,0.006068,1
0.5,0,0,0.245022,0.056947,0.016978,1
0.5,0,0,0.249666,0.103941,0.015814,1
0.5,0,0,0.226314,0.115265,0.025272,1
0.5,0,0,0.196816,0.109547,0.009418,1
0.5,0,0,0.233532,0.109785,0.016456,1
0.5,0,0,0.224561,0.094175,0.013929,1
0.5,0,0,0.218536,0.072039,0.006473,1
0.5,0,0,0.242692,0.158297,0.029417,1
0.5,0,0,0.265482,0.107966,0.017889,1
0.5,0,0,0.251108,0.122614,0.015788,1
0.5,0,0,0.269808,0.076932,0.013188,1
0.5,0,0,0.251229,0.092561,0.018638,1
0.5,0,0,0.251108,0.163151,0.011933,1
0.5,0,0,0.267986,0.158787,0.026841,1
0.5,0,0,0.22186,0.105245,0.016049,1
0.5,0,0,0.214832,0.22459,0.021261,1
0.5,0,0,0.283863,0.190044,0.040473,1
0.5,0,0,0.167446,0.074165,0.005617,1
0.5,0,0,0.304763,0.226123,0.044314,1
0.5,0,0,0.240939,0.083358,0.017331,1
0.5,0,0,0.215895,0.103138,0.009124,1
0.5,0,0,0.172971,0.081803,0.01425,1
0,0.333333,0,1,0.878682,0.853946,1
0.5,0,0,0.243064,0.150236,0.024275,1
0.5,0,0,0.186024,0.05501,0.000957,1
0.5,0,0,0.226876,0.11817,0.018069,1
0.5,0,0,0.250668,0.092581,0.01359,1
0.5,0,0,0.272631,0.08713,0.022063,1
0.5,0,0,0.235345,0.159099,0.026156,1
0.5,0,0,0.218278,0.065628,0.022035,1
0.5,0,0,0.246084,0.150579,0.011387,1
0.5,0,0,0.258636,0.169753,0.01405,1
0.5,0,0,0.281798,0.112459,0.019861,1
0.5,0,0,0.307085,0.120182,0.034572,1
0.5,0,0,0.243701,0.095304,0.027394,1
0.5,0,0,0.240939,0.066293,0.012308,1
0.5,0,0,0.215333,0.130545,0.011902,1
0.5,0,0,0.263782,0.090348,0.021998,1
0.5,0,0,0.257073,0.091551,0.007906,1
0.5,0,0,0.238677,0.096133,0.019306,1
0.5,0,0,0.230268,0.110201,0.006911,1
0.5,0,0,0.284363,0.116847,0.032492,1
0.5,0,0,0.207744,0.058712,0.01037,1
0.5,0,0,0.232082,0.13406,0.018301,1
0.5,0,0,0.209747,0.053966,0.005051,1
0.5,0,0,0.20404,0.086339,0.022548,1
0.5,0,0,0.239497,0.072924,0.022095,1
0.5,0,0,0.211948,0.035704,0.01173,1
0.5,0,0,0.250167,0.130502,0.018107,1
0.5,0,0,0.2223,0.098799,0.007898,1
0.5,0,0,0.291209,0.154329,0.020476,1
0,0.333333,0,0.901524,0.767303,0.49162,1
0.5,0,0,0.276774,0.113272,0.025691,1
0.5,0,0,0.208624,0.034665,0.011749,1
0.5,0,0,0.202462,0.046476,0.008757,1
0.5,0,0,0.23058,0.10139,0.021281,1
0.5,0,0,0.226565,0.052725,0.009782,1
0.5,0,0,0.274953,0.096634,0.031619,1
0.5,0,0,0.277594,0.248859,0.01722,1
0.5,0,0,0.168083,0.123525,0.017412,1
0.5,0,0,0.337775,0.141748,0.05065,1
0.5,0,0,0.224182,0.138457,0.010259,1
0.5,0,0,0.235292,0.145327,0.010472,1
0.5,0,0,0.290769,0.105933,0.031332,1
0.5,0,0,0.217337,0.048942,0.017809,1
0.5,0,0,0.215265,0.061407,0.012436,1
0.5,0,0,0.269679,0.172504,0.03008,1
0.5,0,0,0.177554,0.041579,0,1
0.5,0,0,0.218915,0.040376,0.003524,1
0.5,0,0,0.206985,0.080732,0.010226,1
0.5,0,0,0.249727,0.119044,0.024607,1
0.5,0,0,0.194751,0.026711,0.006314,1
0.5,0,0,0.243701,0.078156,0.025673,1
0.5,0,0,0.270688,0.101048,0.014348,1
0.5,0,0,0.220038,0.138302,0.017083,1
0.5,0,0,0.222292,0.049937,0.013084,1
0,0.333333,0,0.834118,0.624675,0.722752,1
0.5,0,0,0.209687,0.034661,0.010762,1
0.5,0,0,0.257695,0.073647,0.011732,1
0.5,0,0,0.263721,0.114491,0.01463,1
0.5,0,0,0.208176,0.104075,0.01819,1
0.5,0,0,0.254751,0.084906,0.020326,1
0.5,0,0,0.232029,0.108963,0.014937,1
0.5,0,0,0.247526,0.175749,0.013271,1
0.5,0,0,0.242699,0.069306,0.010872,1
0.5,0,0,0.243261,0.084918,0.006481,1
0.5,0,0,0.195123,0.071413,0.010123,1
0,0.333333,0,0.278414,0.218269,0.117437,2
0,0.333333,0,0.283058,0.212727,0.131496,2
0,0.333333,0,0.232044,0.305933,0.121303,2
0,0.5,0.2,0.337851,0.24896,0.249943,2
0,0.5,0.2,0.318454,0.263373,0.246529,2
0,0.333333,0,0.2053,0.201283,0.100978,2
0,0.333333,0,0.407641,0.324882,0.273581,2
0,0.333333,0,0.350146,0.183901,0.16897,2
0,0.5,0.2,0.355731,0.16862,0.096191,2
0,0.333333,0,0.235793,0.063727,0.04696,2
0,0.5,0.2,0.316572,0.184349,0.184506,2
0,0.5,0.2,0.357052,0.274875,0.256163,2
0,0.5,0.2,0.348764,0.157648,0.138298,2
0,0.5,0.2,0.301515,0.213149,0.138401,2
0,0.333333,0,0.296172,0.105616,0.110876,2
0,0.333333,0,0.235292,0.126102,0.088822,2
0,0.333333,0,0.216411,0.204885,0.136625,2
0,0.333333,0,0.289205,0.130887,0.119428,2
0,0.333333,0,0.235732,0.074112,0.086702,2
0,0.333333,0,0.220296,0.285647,0.136052,2
0,0.333333,0,0.277715,0.138455,0.099527,2
0,0.333333,0,0.226003,0.080889,0.073277,2
0,0.333333,0,0.285821,0.097617,0.091538,2
0,0.5,0.2,0.26146,0.120749,0.108334,2
0,0.333333,0,0.308603,0.188169,0.108356,2
0,0.333333,0,0.289145,0.147182,0.109978,2
0,0.333333,0,0.301257,0.202699,0.131835,2
0,0.333333,0,0.262719,0.106556,0.09608,2
0,0.5,0.2,0.322036,0.201382,0.166523,2
0,0.333333,0,0.249666,0.097485,0.079878,2
0,0.333333,0,0.289205,0.138675,0.089927,2
0,0.5,0.2,0.332949,0.165079,0.149158,2
0,0.333333,0,0.247283,0.098541,0.086261,2
0,0.5,0.2,0.256694,0.240278,0.185198,2
0,0.333333,0,0.206666,0.066505,0.072599,2
0,0.666667,0.8,0.421696,0.26125,0.184721,2
0,0.666667,0.4,0.278345,0.233942,0.155222,2
0,0.5,0.2,0.290025,0.248827,0.20543,2
0,0.333333,0,0.32542,0.183954,0.142609,2
0,0.333333,0,0.210749,0.073917,0.07383,2
0,0.5,0.2,0.309665,0.24404,0.236057,2
0,0.333333,0,0.177175,0.208146,0.072425,2
0,0.5,0.2,0.327682,0.264106,0.215112,2
0,0.333333,0,0.338785,0.102217,0.070376,2
0,0.333333,0,0.277594,0.139497,0.132807,2
0,0.5,0.2,0.412847,0.149979,0.169308,2
0,0.5,0.2,0.270566,0.107733,0.095619,2
0,0.333333,0,0.318894,0.196526,0.176652,2
0,0.333333,0,0.237926,0.071035,0.053212,2
0,0.333333,0,0.248224,0.105909,0.082021,2
0,0.333333,0,0.252049,0.100699,0.081544,2
0,0.333333,0,0.232462,0.017955,0.031149,2
0,0.333333,0,0.298995,0.186786,0.123535,2
0,0.333333,0,0.231915,0.232569,0.122175,2
0,0.333333,0,0.261718,0.112132,0.087085,2
0,0.333333,0,0.357371,0.241167,0.221385,2
0,0.5,0.2,0.304141,0.121214,0.16786,2
0,0.5,0.2,0.277533,0.23466,0.199477,2
0,0.5,0.2,0.222118,0.137743,0.126908,2
0,0.333333,0,0.255753,0.102966,0.060546,2
0,0.333333,0,0.348643,0.148575,0.118466,2
0,0.5,0.2,0.345061,0.170256,0.15879,2
0,0.333333,0,0.280728,0.104765,0.052517,2
0,0.5,0.2,0.304702,0.170333,0.164171,2
0,0.5,0.2,0.2924,0.101346,0.127099,2
0,0.5,0.2,0.328744,0.212871,0.157485,2
0,0.333333,0,0.292347,0.130967,0.092723,2
0,0.5,0.2,0.274019,0.14379,0.112467,2
0,0.5,0.2,0.385875,0.439783,0.32795,2
0,0.333333,0,0.290207,0.095509,0.109933,2
0,0.5,0.2,0.281366,0.147038,0.121768,2
0,0.5,0.2,0.279165,0.122411,0.081555,2
0,0.333333,0,0.345683,0.103398,0.111586,2
0,0.5,0.2,0.231331,0.062245,0.036879,2
0,0.5,0.2,0.27301,0.119053,0.144321,2
0,0.333333,0,0.271629,0.105001,0.053036,2
0,0.5,0.2,0.279355,0.204141,0.144811,2
0,0.333333,0,0.354601,0.164367,0.111603,2
0,0.5,0.2,0.240316,0.113782,0.113891,2
0,0.5,0.2,0.270885,0.148625,0.151304,2
0,0.333333,0,0.272949,0.11092,0.100559,2
0,0.333333,0,0.373748,0.376303,0.215655,2
0,0.5,0.2,0.32624,0.327393,0.228098,2
0,0.333333,0,0.289706,0.249287,0.183233,2
0,0.5,0.2,0.307912,0.240826,0.188107,2
0,0.333333,0,0.285821,0.104644,0.098609,2
0,0.5,0.2,0.237615,0.124099,0.110604,2
0,0.333333,0,0.250167,0.170192,0.111532,2
0,0.5,0.2,0.304141,0.109532,0.100149,2
0,0.5,0.2,0.281616,0.184577,0.144555,2
0,0.333333,0,0.308724,0.155784,0.086995,2
0,0.5,0.2,0.251169,0.087332,0.114985,2
0,0.333333,0,0.30496,0.267109,0.180677,2
0.5,0.333333,0.4,0.185902,0.168497,0.085552,2
0,0.333333,0,0.288644,0.095136,0.076187,2
0,0.5,0.2,0.337472,0.269215,0.208599,2
0,0.5,0.2,0.289076,0.159506,0.168143,2
0,0.333333,0,0.327872,0.139908,0.119019,2
0,0.333333,0,0.302888,0.153937,0.058611,2
0,0.333333,0,0.334831,0.198129,0.130867,2
0,0.5,0.2,0.311608,0.137288,0.142937,2
0,0.333333,0,0.301689,0.069176,0.050255,2
0,0.5,0.2,0.357302,0.189738,0.197423,2
0,0.333333,0,0.250987,0.135443,0.130993,2
0,0.5,0.2,0.43871,0.42971,0.34188,2
0,0.5,0.2,0.294161,0.142034,0.073558,2
0,0.5,0.2,0.270384,0.199569,0.167079,2
0,0.333333,0,0.29687,0.316499,0.209004,2
0,0.333333,0,0.306903,0.148469,0.109006,2
0,0.5,0.2,0.286261,0.201149,0.172385,2
0,0.5,0.2,0.259638,0.133417,0.120883,2
0,0.5,0.2,0.212199,0.214266,0.143439,2
0,0.333333,0,0.224,0.188765,0.09996,2
0,0.5,0.2,0.319516,0.151962,0.196868,2
0,0.5,0.2,0.274391,0.113275,0.111747,2
0,0.333333,0,0.341236,0.147368,0.104961,2
0,0.5,0.2,0.326483,0.187362,0.204221,2
0,0.333333,0,0.260207,0.126407,0.08467,2
0,0.5,0.2,0.271568,0.145667,0.124598,2
0,0.333333,0,0.197514,0.216301,0.09844,2
0,0.333333,0,0.252429,0.101042,0.090545,2
0,0.333333,0,0.290017,0.097798,0.081966,2
0,0.5,0.2,0.340675,0.270097,0.23741,2
0,0.5,0,0.302699,0.167282,0.145704,2
0,0.5,0.2,0.274581,0.133869,0.130262,2
0,0.333333,0,0.336713,0.292755,0.202306,2
0,0.333333,0,0.266294,0.129135,0.127175,2
0,0.5,1,0.38731,0.323915,0.21769,2
0,0.333333,0,0.320275,0.220203,0.162205,2
0,0.5,0.2,0.304839,0.285888,0.144237,2
0,0.333333,0,0.278095,0.245384,0.164425,2
0,0.333333,0,0.314811,0.05503,0.047007,2
0,0.333333,0,0.296992,0.186823,0.109051,2
0,0.333333,0,0.284439,0.139443,0.115134,2
0,0.333333,0,0.217154,0.170845,0.104555,2
0,0.333333,0,0.315069,0.123046,0.089336,2
0,0.5,0.2,0.327682,0.153163,0.136161,2
0,0.5,0.2,0.331317,0.171594,0.165179,2
0,0.333333,0,0.264981,0.163516,0.123531,2
0,0.5,0.2,0.336349,0.223347,0.226015,2
0,0.333333,0,0.248786,0.115902,0.108895,2
0,0.333333,0,0.234162,0.098569,0.061361,2
0,0.333333,0,0.308284,0.146355,0.137362,2
0,0.333333,0,0.256375,0.128642,0.101764,2
0,0.333333,0,0.222436,0.236977,0.096798,2
0,0.333333,0,0.23171,0.105818,0.086055,2
0,0.5,0.2,0.244642,0.119514,0.118793,2
0,0.333333,0,0.232105,0.192517,0.102972,2
0,0.333333,0,0.358114,0.1928,0.182298,2
0,0.5,0.2,0.249484,0.103232,0.112638,2
0,0.333333,0,0.264419,0.098594,0.118155,2
0,0.333333,0,0.225814,0.08337,0.062897,2
0,0.333333,0,0.277655,0.10257,0.099827,2
0,0.5,0.2,0.347262,0.224351,0.191396,2
0,0.5,0.2,0.321535,0.246118,0.203256,2
0,0.333333,0,0.241197,0.076945,0.095053,2
0,0.333333,0,0.285001,0.137117,0.120361,2
0,0.5,0.2,0.253992,0.099249,0.11496,2
0,0.333333,0,0.212829,0.097956,0.091429,2
0,0.5,0.2,0.261839,0.140793,0.122329,2
0,0.333333,0,0.224258,0.175111,0.08994,2
0,0.5,0.2,0.428981,0.270447,0.262466,2
0,0.5,0.2,0.330323,0.147365,0.168844,2
0,0.333333,0,0.23404,0.065618,0.058881,2
0,0.333333,0,0.341054,0.148789,0.14593,2
0,0.5,0.2,0.365278,0.382706,0.303533,2
0,0.333333,0,0.257065,0.104148,0.05939,2
0,0.333333,0,0.261217,0.080618,0.114704,2
0,0.5,0.2,0.400234,0.278076,0.269015,2
0,0.333333,0,0.342056,0.143386,0.135222,2
0,0.333333,0,0.465075,0.41314,0.301883,2
0,0.333333,0,0.483516,0.393823,0.328287,2
0,0.333333,0,0.259896,0.102426,0.085675,2
0,0.5,0.2,0.346761,0.250428,0.223282,2
0,0.333333,0,0.300134,0.154317,0.142579,2
0,0.333333,0,0.243132,0.096936,0.088315,2
0,0.5,0.2,0.281297,0.1529,0.137298,2
0,0.5,0.2,0.269808,0.113459,0.112039,2
0,0.333333,0,0.276774,0.052813,0.05823,2
0,0.333333,0,0.180879,0.208689,0.080512,2
0,0.333333,0,0.25318,0.091183,0.120514,2
0,0.333333,0,0.311927,0.13436,0.125685,2
0,0.333333,0,0.28318,0.092365,0.083039,2
0,0.333333,0,0.242009,0.070669,0.050869,2
0,0.5,0.2,0.32454,0.170104,0.159617,2
0,0.333333,0,0.266362,0.122419,0.095784,2
0,0.5,0.2,0.323098,0.123416,0.147725,2
0,0.333333,0,0.278034,0.225296,0.132488,2
0,0.5,0.2,0.281988,0.13551,0.102346,2
0,0.333333,0,0.283559,0.138073,0.104154,2
0,0.333333,0,0.401934,0.274148,0.200652,2
0,0.333333,0,0.290586,0.182695,0.136915,2
0,0.333333,0,0.260716,0.100518,0.074668,2
0,0.333333,0,0.256565,0.086003,0.072358,2
0,0.333333,0,0.268115,0.0832,0.066427,2
0,0.333333,0,0.237615,0.13193,0.086466,2
0,0.5,0.2,0.2732,0.210915,0.174542,2
0,0.333333,0,0.270506,0.184542,0.112065,2
0,0.333333,0,0.289084,0.250228,0.146959,2
0,0.5,0.2,0.371046,0.221427,0.19825,2
0,0.333333,0,0.611499,0.651426,0.554402,3
0,0.333333,0,0.722467,0.659994,0.582984,3
0,0.333333,0,0.745447,0.719291,0.646197,3
0,0.333333,0,0.646712,0.426361,0.509029,3
0,0.333333,0,0.657383,0.562438,0.579691,3
0,0.333333,0,0.637044,0.552019,0.525389,3
0,0.333333,0,0.717261,0.644476,0.589235,3
0,0.333333,0,0.545352,0.561714,0.437557,3
0,0.333333,0,0.501169,0.391472,0.312127,3
0,0.333333,0,0.856414,0.891928,0.731396,3
0,0.333333,0,0.686069,0.578026,0.561284,3
0,0.333333,0,0.443036,0.433227,0.314602,3
0,0.333333,0,0.472482,0.413481,0.357192,3
0,0.5,0.2,0.588276,0.513566,0.469452,3
0,0.333333,0,0.66485,0.554892,0.520904,3
0,0.333333,0,0.939439,1,0.717709,3
0,0.5,0.2,0.706833,0.617214,0.608883,3
0,0.333333,0,0.682988,0.707833,0.575243,3
0,0.333333,0,0.673942,0.680439,0.606569,3
0,0.333333,0,0.63416,0.671953,0.600966,3
0,0.333333,0,0.722467,0.623605,0.595428,3
0,0.333333,0,0.795899,0.692683,0.685453,3
0,0.5,0.2,0.80965,0.651567,0.699118,3
0,0.333333,0,0.506238,0.550332,0.402178,3
0,0.333333,0,0.741864,0.668736,0.500918,3
0,0.333333,0,0.673517,0.604331,0.502519,3
0,0.5,0.2,0.644952,0.622424,0.503433,3
0,0.333333,0,0.526137,0.543658,0.465603,3
0,0.333333,0,0.746509,0.642948,0.586815,3
0,0.333333,0,0.669677,0.646575,0.583113,3
0,0.333333,0,0.711493,0.623727,0.597364,3
0,0.333333,0,0.769792,0.683709,0.66178,3
0,0.333333,0,0.723666,0.604735,0.585069,3
0,0.333333,0,0.679922,0.672766,0.56315,3
0,0.333333,0,0.822005,0.727333,0.671607,3
0,0.333333,0,0.664091,0.571769,0.542584,3
0,0.333333,0,0.69548,0.589886,0.602415,3
0,0.333333,0,0.675521,0.565128,0.552658,3
0,0.333333,0,0.736461,0.572921,0.624074,3
0,0.333333,0,0.631458,0.601204,0.553543,3
0,0.333333,0,0.572719,0.650345,0.548423,3
0,0.333333,0,0.731376,0.633215,0.531112,3
0,0.333333,0,0.691033,0.692349,0.610904,3
0,0.333333,0,0.710036,0.575354,0.548713,3
0,0.5,0.2,0.402116,0.403156,0.276991,3
0,0.333333,0,0.740863,0.582183,0.588041,3
0,0.333333,0,0.53028,0.552421,0.44366,3
0,0.333333,0,0.795777,0.685493,0.621994,3
0,0.333333,0,0.61332,0.533498,0.508199,3
0,0.333333,0,0.694281,0.595354,0.569595,3
0,0.333333,0,0.681987,0.524995,0.539449,3
0,0.333333,0,0.477316,0.334524,0.328464,3
0,0.333333,0,0.726489,0.695497,0.597422,3
0,0.333333,0,0.681789,0.725193,0.582775,3
0,0.333333,0,0.545595,0.608247,0.451687,3
0,0.333333,0,0.781905,0.859717,0.717483,3
0,0.333333,0,0.623368,0.681424,0.504521,3
0,0.333333,0,0.578987,0.493529,0.473063,3
0,0.333333,0,0.796908,0.685578,0.648968,3
0,0.333333,0,0.693469,0.600318,0.540553,3
0,0.333333,0,0.72485,0.634771,0.566391,3
0,0.333333,0,0.636543,0.649542,0.584201,3
0,0.5,0,0.650977,0.567528,0.524473,3
0,0.333333,0,0.342435,0.271072,0.204293,3
0,0.333333,0,0.578168,0.580725,0.487757,3
0,0.333333,0,0.491424,0.551627,0.428241,3
0,0.333333,0,0.670815,0.718533,0.555157,3
0.5,0.166667,0.2,0.409584,0.314495,0.231063,3
0,0.333333,0,0.598188,0.530841,0.481265,3
0,0.333333,0,0.582569,0.351182,0.444101,3
0,0.333333,0,0.722345,0.609106,0.557894,3
0,0.333333,0,0.709914,0.663396,0.579954,3
0,0.333333,0,0.768472,0.652357,0.629006,3
0,0.333333,0,0.767288,0.741512,0.689335,3
0,0.333333,0,0.810591,0.764469,0.703812,3
0,0.333333,0,0.48829,0.452934,0.346755,3
0,0.333333,0,0.796597,0.748147,0.759111,3
0,0.333333,0,0.751776,0.763946,0.633538,3
0,0.333333,0,0.752899,0.79839,0.616561,3
0,0.333333,0,0.632399,0.582531,0.507661,3
0,0.333333,0,0.748892,0.603843,0.63732,3
0,0.333333,0,0.693917,0.682609,0.528061,3
0,0.333333,0,0.702765,0.738662,0.608046,3
0,0.333333,0,0.471344,0.443235,0.327344,3
0,0.5,0.2,0.665913,0.550482,0.499387,3
0,0.5,0.2,0.744369,0.612349,0.605099,3
0,0.333333,0,0.65223,0.602396,0.536965,3
0,0.333333,0,0.66655,0.546616,0.516517,3
0,0.333333,0,0.811214,0.6403,0.6654,3
0,0.333333,0,0.651236,0.563981,0.611981,3
0,0.333333,0,0.718262,0.578647,0.609389,3
0,0.333333,0,0.668615,0.601483,0.498859,3
0,0.333333,0,0.594499,0.49087,0.44234,3
0,0.333333,0,0.679907,0.592906,0.536797,3
0,0.333333,0,0.772737,0.806297,0.646209,3
0,0.5,0.2,0.588405,0.422984,0.341897,3
0,0.333333,0,0.589415,0.63382,0.516652,3
0,0.5,0.2,0.583131,0.538082,0.44767,3
0,0.333333,0,0.550695,0.649271,0.499605,3
0,0.333333,0,0.715682,0.525032,0.540193,3
0,0.333333,0,0.688695,0.547359,0.547729,3
0,0.333333,0,0.763084,0.603706,0.6497,3
0,0.333333,0,0.597307,0.510485,0.523441,3
0,0.333333,0,0.585886,0.45089,0.457882,3
0,0.333333,0,0.678602,0.604365,0.555796,3
0,0.333333,0,0.766096,0.701167,0.705168,3
0,0.333333,0,0.643646,0.652344,0.590716,3
0,0.333333,0,0.812656,0.664614,0.661366,3
0,0.333333,0,0.548358,0.468954,0.379593,3
0,0.333333,0,0.621426,0.611335,0.528517,3
0,0.333333,0,0.80751,0.632424,0.690727,3
0,0.333333,0,0.653937,0.602056,0.604065,3
0,0.333333,0,0.578987,0.534901,0.438851,3
0,0.333333,0,0.708533,0.733508,0.606355,3
0,0.333333,0,0.687891,0.524668,0.645088,3
0,0.333333,0,0.709535,0.489693,0.546192,3
0,0.333333,0,0.480822,0.392849,0.34751,3
0,0.333333,0,0.669874,0.582157,0.549442,3
0,0.333333,0,0.429421,0.329025,0.282548,3
0,0.333333,0,0.784849,0.841934,0.641621,3
0,0.333333,0,0.586394,0.519178,0.444142,3
0,0.333333,0,0.800604,0.667514,0.67785,3
0.5,0.166667,0.2,0.45697,0.363296,0.254194,3
0,0.333333,0,0.684309,0.597201,0.561024,3
0,0.333333,0,0.70571,0.598794,0.590749,3
0,0.333333,0,0.527533,0.594625,0.531551,3
0,0.333333,0,0.746448,0.721459,0.643298,3
0,0.333333,0,0.721404,0.72624,0.667155,3
0,0.333333,0,0.688194,0.656652,0.595461,3
0,0.333333,0,0.786671,0.576227,0.633194,3
0,0.333333,0,0.764146,0.829321,0.623896,3
0,0.333333,0,0.616584,0.540456,0.483293,3
0,0.333333,0,0.477187,0.457812,0.369215,3
0,0.333333,0,0.647153,0.629025,0.518454,3
0,0.333333,0,0.769094,0.611964,0.641423,3
0,0.333333,0,0.611256,0.497391,0.52053,3
0,0.333333,0,0.61288,0.636292,0.560632,3
0,0.333333,0,0.760063,0.561982,0.677581,3
0,0.333333,0,0.487228,0.355351,0.307222,3
0,0.5,0.2,0.686752,0.629676,0.536051,3
0,0.333333,0,0.759244,0.639667,0.631493,3
0,0.333333,0,0.698364,0.526119,0.568408,3
0,0.333333,0,0.685371,0.619079,0.504166,3
0,0.5,0.2,0.703448,0.633908,0.568713,3
0,0.333333,0,0.82879,0.678813,0.658037,3
0,0.333333,0,0.67672,0.647185,0.623633,3
0,0.333333,0,0.551621,0.557386,0.46465,3
0,0.333333,0,0.644451,0.628444,0.510003,3
0,0.333333,0,0.766969,0.677862,0.622814,3
0,0.333333,0,0.672318,0.555701,0.584349,3
0,0.5,0.2,0.791254,0.623627,0.682008,3
0,0.333333,0,0.759502,0.74411,0.68483,3
0,0.333333,0,0.791512,0.633747,0.670737,3
0,0.333333,0,0.631838,0.518801,0.492026,3
0,0.333333,0,0.7172,0.534419,0.569129,3
0,0.333333,0,0.615202,0.598438,0.46981,3
0,0.333333,0,0.631519,0.543824,0.511984,3
0,0.333333,0,0.639746,0.563215,0.53887,3
0,0.333333,0,0.923623,0.759811,0.810356,3
0,0.333333,0,0.645331,0.553538,0.562023,3
0,0.333333,0,0.767713,0.692111,0.624248,3
0,0.333333,0,0.777321,0.853329,0.716518,3
0,0.333333,0,0.652799,0.640328,0.533233,3
0,0.333333,0,0.678101,0.669748,0.562639,3
0,0.333333,0,0.707091,0.594481,0.601492,3
0,0.333333,0,0.591661,0.537811,0.460865,3
0,0.333333,0,0.63542,0.484239,0.523542,3
0,0.333333,0,0.587897,0.494163,0.490993,3
0,0.333333,0,0.791892,0.731144,0.705816,3
0,0.333333,0,0.534485,0.45537,0.464022,3
0,0.5,0.2,0.798282,0.614322,0.628614,3
0,0.333333,0,0.76659,0.6278,0.665889,3
0,0.333333,0,0.689014,0.595029,0.612232,3
0,0.333333,0,0.4932,0.432308,0.473866,3
0,0.333333,0,0.798297,0.661501,0.705388,3
0,0.333333,0,0.621729,0.549318,0.49983,3
0,0.333333,0,0.701688,0.669237,0.628312,3
0,0.333333,0,0.801484,0.624229,0.624225,3
0,0.333333,0,0.673821,0.481748,0.447466,3
0,0.333333,0,0.770991,0.607514,0.64043,3
0,0.333333,0,0.760443,0.554281,0.618696,3
0,0.333333,0,0.65676,0.618396,0.59728,3
0,0.333333,0,0.752216,0.678944,0.610514,3
0,0.333333,0,0.591282,0.548267,0.490191,3
0,0.5,0.2,0.681987,0.717871,0.582856,3
0,0.333333,0,0.710294,0.624537,0.57869,3
0,0.5,0.2,0.597565,0.40299,0.445889,3
0,0.333333,0,0.728811,0.577066,0.60052,3
0,0.333333,0,0.696239,0.674801,0.573748,3
0,0.333333,0,0.648534,0.444243,0.515316,3
0,0.333333,0,0.475616,0.491433,0.443358,3
0,0.333333,0,0.573523,0.500895,0.436955,3
0,0.333333,0,0.698303,0.56163,0.58312,3
0,0.333333,0,0.612319,0.474875,0.48714,3
0,0.333333,0,0.814538,0.622268,0.680892,3
0,0.333333,0,0.74493,0.731528,0.638798,3
0,0.5,0.2,0.646515,0.569866,0.493336,3
0,0.333333,0,0.336531,0.314257,0.207697,3
0,0.333333,0,0.710036,0.588951,0.568518,3
0,0.333333,0,0.596943,0.647967,0.553439,3
0,0.5,0.2,0.535183,0.426379,0.411468,4
0,0.5,0.2,0.831416,0.810405,0.710432,4
0,0.333333,0,0.290161,0.269918,0.146422,4
0,0.5,0.2,0.716684,0.747095,0.639225,4
0,0.5,0.2,0.54001,0.441811,0.359879,4
0,0.666667,0.4,0.848871,0.748143,0.892964,4
0,0.666667,0.4,0.677023,0.587206,0.583484,4
0,0.5,0.2,0.572901,0.586242,0.499947,4
0,0.666667,0.4,0.63586,0.60886,0.573494,4
0,0.666667,0.4,0.706029,0.659495,0.620743,4
0,0.666667,0.4,0.489239,0.424853,0.347965,4
0,0.5,0.2,0.768214,0.727545,0.689801,4
0,0.5,0.2,0.709596,0.542204,0.596012,4
0,0.5,0.2,0.583389,0.632168,0.505275,4
0,0.5,0.2,0.497647,0.353362,0.423004,4
0,0.666667,0.4,0.64143,0.438628,0.503371,4
0,0.333333,0,0.625812,0.595469,0.439349,4
0,0.666667,0.4,0.747192,0.645576,0.685558,4
0,0.5,0.2,0.666732,0.659162,0.607993,4
0,0.333333,0,0.553442,0.570231,0.41777,4
0,0.5,0.2,0.643009,0.501152,0.526085,4
0,0.5,0.2,0.682928,0.535955,0.551309,4
0,0.5,0.2,0.597383,0.563513,0.497532,4
0,0.333333,0,0.427858,0.430085,0.309826,4
0,0.666667,0.4,0.782906,0.608881,0.608103,4
0,0.5,0.2,0.786101,0.761832,0.743783,4
0,0.5,0.2,0.500789,0.525558,0.449565,4
0,0.5,0.2,0.602271,0.498345,0.41922,4
0,0.5,0.2,0.708343,0.633651,0.615383,4
0,0.5,0.2,0.553017,0.542913,0.432707,4
0,0.5,0.2,0.571899,0.518072,0.453496,4
0,0.333333,0,0.634722,0.629474,0.47088,4
0,0.333333,0,0.706712,0.520071,0.597328,4
0,0.666667,0.4,0.576544,0.48316,0.509874,4
0,0.5,0.2,0.703509,0.563011,0.612434,4
0,0.5,0.2,0.537687,0.587706,0.474017,4
0,0.5,0.2,0.578236,0.516758,0.403874,4
0,0.5,0.2,0.583951,0.475565,0.517726,4
0,0.666667,0.4,0.608615,0.513343,0.501774,4
0,0.666667,0.4,0.666611,0.609601,0.609304,4
0,0.5,0.2,0.444493,0.43089,0.284768,4
0,0.333333,0,0.440532,0.329111,0.275105,4
0,0.666667,0.4,0.404135,0.411084,0.303351,4
0,0.333333,0,0.403193,0.434208,0.309893,4
0,0.5,0.2,0.634782,0.600372,0.524499,4
0,0.666667,0.4,0.786488,0.624563,0.731639,4
0,0.666667,0.4,0.635981,0.557605,0.487347,4
0,0.666667,0.4,0.485292,0.404675,0.381925,4
0,0.5,0.2,0.428867,0.563801,0.433605,4
0,0.333333,0,0.500531,0.328769,0.390504,4
0,0.5,0.2,0.788932,0.779094,0.666995,4
0,0.5,0.2,0.783787,0.654432,0.689837,4
0,0.5,0.2,0.841342,0.769055,0.855564,4
0,0.5,0.2,0.407838,0.457232,0.320512,4
0,0.5,0.2,0.60347,0.498623,0.439355,4
0,0.333333,0,0.45823,0.380701,0.348331,4
0,0.5,0.2,0.409159,0.343915,0.262655,4
0,0.5,0.2,0.789873,0.538813,0.725167,4
0,0.5,0.2,0.601087,0.467599,0.501172,4
0,0.666667,0.4,0.484974,0.41028,0.372942,4
0,0.5,0.2,0.820882,0.818159,0.817919,4
0,0.5,0.2,0.482462,0.41467,0.303964,4
0,0.5,0.2,0.835317,0.701407,0.853149,4
0,0.5,0.2,0.599144,0.516843,0.517261,4
0,0.5,0.2,0.673517,0.640683,0.549604,4
0,0.666667,0.4,0.447757,0.399325,0.36433,4
0,0.5,0.2,0.496403,0.412157,0.440149,4
0,0.5,0.2,0.692399,0.635303,0.590496,4
0,0.666667,0.4,0.629895,0.581033,0.511933,4
0,0.5,0.2,0.578426,0.502961,0.430874,4
0,0.666667,0.4,0.645953,0.429871,0.510675,4
0,0.5,0.2,0.702007,0.606679,0.60095,4
0,0.5,0.2,0.582767,0.497215,0.5014,4
0,0.5,0.2,0.567315,0.53907,0.481638,4
0,0.5,0.2,0.557222,0.607591,0.548072,4
0,0.5,0.2,0.638547,0.597925,0.477955,4
0,0.666667,0.4,0.697362,0.661572,0.620718,4
0,0.333333,0,0.546855,0.428557,0.48716,4
0,0.5,0.2,0.575663,0.484951,0.48245,4
0,0.5,0.2,0.441412,0.444264,0.39517,4
0,0.666667,0.4,0.71594,0.587247,0.540542,4
0,0.5,0,0.331143,0.284732,0.241682,4
0,0.5,0.2,0.76577,0.779792,0.738817,4
0,0.666667,0.4,0.721966,0.697663,0.665902,4
0,0.5,0.2,0.813035,0.715469,0.710823,4
0,0.666667,0.4,0.568757,0.446891,0.444528,4
0,0.5,0.2,0.713997,0.548767,0.651718,4
0,0.333333,0,0.524528,0.545238,0.457613,4
0,0.333333,0,0.53963,0.575852,0.423786,4
0,0.5,0.2,0.629956,0.533099,0.61973,4
0,0.5,0.2,0.727673,0.626698,0.607169,4
0,0.5,0.2,0.826346,0.706799,0.74251,4
0,0.5,0.2,0.567634,0.405438,0.483078,4
0,0.666667,0.4,0.551818,0.478618,0.448648,4
0,0.5,0.2,0.544594,0.481505,0.3857,4
0,0.333333,0,0.481392,0.318155,0.300396,4
0,0.5,0.2,0.689135,0.621791,0.543759,4
0,0.5,0.2,0.636983,0.593253,0.577597,4
0,0.333333,0,0.627193,0.569323,0.539162,4
0,0.5,0.2,0.60391,0.463751,0.483579,4
0,0.5,0.2,0.640307,0.569565,0.538777,4
0,0.333333,0,0.528292,0.452816,0.346689,4
0,0.5,0.2,0.359571,0.473617,0.337406,4
0,0.333333,0,0.41737,0.342291,0.290406,4
0,0.333333,0,0.682609,0.585953,0.582097,4
0,0.333333,0,0.55024,0.449138,0.449867,4
0,0.5,0.2,0.571338,0.607386,0.560212,4
0,0.333333,0,0.414167,0.459775,0.32154,4
0,0.333333,0,0.607173,0.553305,0.480288,4
0,0.5,0.2,0.533043,0.501226,0.416007,4
0,0.5,0.2,0.672819,0.641055,0.54903,4
0,0.5,0.2,0.606232,0.515543,0.475976,4
0,0.333333,0,0.393707,0.345102,0.273425,4
0,0.666667,0.4,0.540389,0.558687,0.530171,4
0,0.5,0.2,0.60479,0.539282,0.460811,4
0,0.5,0.2,0.663469,0.664912,0.575649,4
0,0.5,0.2,0.677904,0.567415,0.583747,4
0,0.333333,0,0.624552,0.554981,0.477319,4
0,0.333333,0,0.531851,0.444977,0.377999,4
0,0.5,0.2,0.839582,0.721506,0.695791,4
0,0.5,0.2,0.567634,0.551713,0.471527,4
0,0.5,0.2,0.466836,0.379266,0.387598,4
0,0.5,0.2,0.688331,0.599184,0.616999,4
0,0.5,0.2,0.565752,0.50436,0.459144,4
0,0.5,0.2,0.647395,0.566887,0.578202,4
0,0.5,0.2,0.808891,0.735919,0.744373,4
0,0.5,0.2,0.755039,0.709808,0.698006,4
0,0.333333,0,0.507058,0.547802,0.414012,4
0,0.5,0.2,0.575223,0.521392,0.405133,4
0,0.333333,0,0.552061,0.479762,0.445275,4
0,0.5,0.2,0.65544,0.530761,0.559021,4
0,0.333333,0,0.497086,0.507732,0.413472,4
0,0.5,0.2,0.457547,0.454151,0.363526,4
0,0.5,0.2,0.554323,0.496747,0.524834,4
0,0.5,0.2,0.780834,0.745993,0.829234,4
0,0.5,0.2,0.749135,0.641568,0.72678,4
0,0.5,0.2,0.641309,0.603836,0.588712,4
0,0.5,0.2,0.680226,0.590324,0.607782,4
0,0.5,0.2,0.509957,0.485539,0.409918,4
0,0.333333,0,0.583951,0.453917,0.535398,4
0,0.5,0.2,0.664349,0.620788,0.621077,4
0,0.5,0.2,0.666171,0.580461,0.57148,4
0,0.5,0.2,0.553761,0.558541,0.534579,4
0,0.333333,0,0.352164,0.362096,0.233392,4
0,0.5,0.2,0.813597,0.651571,0.677538,4
0,0.666667,0.4,0.791436,0.747514,0.774606,4
0,0.5,0.2,0.464893,0.462792,0.419542,4
0,0.666667,0.4,0.631458,0.583614,0.576741,4
0,0.333333,0,0.61118,0.590051,0.465114,4
0,0.5,0.2,0.479517,0.380261,0.337713,4
0,0.5,0.2,0.65374,0.600837,0.559574,4
0,0.5,0.2,0.505434,0.514386,0.343419,4
0,0.5,0.2,0.518927,0.488827,0.439216,4
0,0.5,0.2,0.502049,0.512944,0.451832,4
0,0.5,0.2,0.751457,0.566467,0.641126,4
0,0.5,0.2,0.638744,0.569969,0.555779,4
0,0.5,0.2,0.612061,0.565157,0.473047,4
0,0.5,0.2,0.611256,0.611831,0.49476,4
0,0.5,0.2,0.780144,0.682508,0.7558,4
0,0.666667,0.4,0.77594,0.608575,0.669926,4
0,0.666667,0.4,0.53192,0.412784,0.463087,4
0,0.666667,0.2,0.59286,0.637514,0.505544,4
0,0.666667,0.4,0.580308,0.528406,0.472435,4
0,0.666667,0.4,0.644648,0.665067,0.555406,4
0,0.666667,0.4,0.617904,0.423335,0.559371,4
0,0.666667,0.4,0.5537,0.552049,0.536752,4
0,0.666667,0.4,0.65632,0.582424,0.528105,4
0,0.666667,0.4,0.480147,0.450316,0.305514,4
0,0.5,0.2,0.599645,0.574066,0.429827,4
0,0.666667,0.4,0.595623,0.504334,0.483672,4
0,0.333333,0,0.580809,0.442936,0.366752,4
0,0.333333,0,0.555825,0.442806,0.466185,4
0,0.333333,0,0.472102,0.319219,0.295102,4
0,0.5,0.2,0.411101,0.421365,0.301372,4
0,0.666667,0.4,0.848871,0.748143,0.892964,4
0,0.5,0.2,0.627133,0.557528,0.551393,4
0,0.5,0.2,0.898139,0.869614,0.924622,4
0,0.5,0.2,0.723848,0.74341,0.588481,4
0,0.333333,0,0.375508,0.407574,0.29522,4
0,0.5,0.2,0.543152,0.531695,0.419181,4
0,0.666667,0.4,0.615263,0.581636,0.5175,4
0,0.333333,0,0.516795,0.564002,0.420381,4
0,0.5,0.2,0.725548,0.623672,0.657738,4
0,0.333333,0,0.403178,0.358012,0.261997,4
0,0.5,0.2,0.698303,0.699888,0.588845,4
0,0.666667,0.4,0.664228,0.523551,0.573916,4
0,0.5,0.2,0.689393,0.7397,0.584653,4
0,0.666667,0.4,0.721283,0.706113,0.682734,4
0,0.5,0.2,0.448758,0.395075,0.337799,4
0,0.5,0.2,0.657823,0.655627,0.590878,4
0,0.5,0.2,0.62525,0.53219,0.505946,4
0,0.333333,0,0.657003,0.655917,0.56343,4
0,0.5,0.2,0.716942,0.586381,0.533044,4
0,0.666667,0.4,0.576225,0.586395,0.422056,4
0,0.5,0.2,0.650105,0.616952,0.556728,4
0,0.666667,0.4,0.544093,0.580619,0.481148,4
0,0.5,0.2,0.422394,0.441333,0.357079,4
0,0.5,0.2,0.534121,0.455013,0.418311,4
0,0.5,0.2,0.617145,0.506495,0.47818,4
0,0.5,0.2,0.535684,0.452171,0.440019,4
0,0.5,0.2,0.472224,0.429299,0.423084,5
0,0.5,0.2,0.428359,0.45593,0.395331,5
0,0.5,0.2,0.576157,0.568927,0.523615,5
0,0.666667,0.4,0.416247,0.425794,0.387007,5
0,0.5,0.2,0.456226,0.517831,0.349367,5
0,0.333333,0,0.352354,0.404193,0.251234,5
0,0.5,0.2,0.536003,0.565176,0.459995,5
0,0.5,0.2,0.514465,0.479465,0.483348,5
0,0.5,0.2,0.417613,0.379527,0.353355,5
0,0.5,0.2,0.40846,0.41076,0.372112,5
0,0.666667,0.2,0.421073,0.445051,0.378011,5
0,0.5,0.2,0.409963,0.440425,0.350783,5
0,0.666667,0.4,0.4259,0.462789,0.37508,5
0,0.5,0.2,0.532785,0.507873,0.47369,5
0,0.666667,0.4,0.459489,0.512267,0.472727,5
0,0.5,0.2,0.536868,0.478438,0.483409,5
0,0.5,0.2,0.355488,0.388064,0.347478,5
0,0.666667,0.4,0.302517,0.270268,0.212767,5
0,0.5,0.2,0.404939,0.460622,0.321799,5
0.5,0.5,0.6,0.359382,0.286958,0.217729,5
0,0.333333,0,0.479009,0.409541,0.346232,5
0,0.5,0.2,0.505798,0.478369,0.443585,5
0,0.333333,0,0.351406,0.343732,0.274856,5
0,1,0.4,0.141279,0.307079,0.205611,5
0,0.5,0.2,0.475487,0.491297,0.475819,5
0,0.5,0.2,0.484397,0.503881,0.456283,5
0,0.5,0.2,0.567953,0.48366,0.505979,5
0,0.333333,0,0.436267,0.402912,0.329623,5
0,0.5,0.2,0.478007,0.411998,0.410313,5
0,0.5,0.2,0.434628,0.3879,0.36682,5
0,0.5,0.2,0.399611,0.448286,0.412238,5
0,0.5,0.2,0.463633,0.504471,0.373583,5
0,0.5,0.2,0.382536,0.38647,0.338898,5
0,0.333333,0,0.40037,0.389049,0.28247,5
0,0.333333,0,0.399293,0.443655,0.323705,5
0,0.333333,0,0.441974,0.406893,0.364039,5
0,0.333333,0,0.52131,0.469391,0.430481,5
0,0.5,0.2,0.292848,0.27352,0.258036,5
0,0.5,0.2,0.490362,0.411317,0.439719,5
0,0.666667,0.4,0.497465,0.529698,0.341368,5
0,0.5,0.2,0.450823,0.42231,0.366957,5
0,0.666667,0.4,0.472861,0.444783,0.412562,5
0,0.5,0.2,0.435569,0.431288,0.397186,5
0,0.5,0.2,0.41951,0.444416,0.338017,5
0,0.5,0.2,0.397471,0.392597,0.326074,5
0,0.5,0.2,0.437648,0.435404,0.374102,5
0,0.5,0.2,0.476876,0.42227,0.45842,5
0,0.5,0.2,0.562231,0.489775,0.464666,5
0,0.333333,0,0.447058,0.426878,0.373089,5
0,0.333333,0,0.43821,0.365182,0.343301,5
0,0.5,0.2,0.423016,0.428951,0.334639,5
0,0.333333,0,0.354866,0.318534,0.230841,5
0,0.5,0.2,0.479752,0.483346,0.490951,5
0,0.5,0.2,0.487038,0.431518,0.38826,5
0,0.333333,0,0.422591,0.427519,0.296669,5
0,0.5,0.2,0.437572,0.443227,0.339042,5
0,0.5,0.2,0.31601,0.299977,0.282871,5
0,0.333333,0,0.40333,0.410239,0.280931,5
0,0.5,0.2,0.381215,0.401615,0.304984,5
0,0.5,0.2,0.420633,0.385245,0.365125,5
0,0.5,0.2,0.453206,0.50544,0.416276,5
0,0.666667,0.4,0.520749,0.523038,0.497655,5
0,0.333333,0,0.420512,0.447553,0.307148,5
0,0.333333,0,0.427099,0.360001,0.321996,5
0,0.5,0.2,0.47787,0.486516,0.359778,5
0,0.333333,0,0.37651,0.346533,0.26871,5
0,0.5,0.2,0.516848,0.578151,0.420456,5
0,0.833333,0.2,0,0.287369,0.132671,5
0,0.5,0.2,0.516848,0.513771,0.469051,5
0,0.333333,0,0.478568,0.428433,0.390229,5
0,0.5,0.2,0.501594,0.540808,0.487016,5
0,0.5,0.2,0.469279,0.407684,0.346533,5
0,0.666667,0.4,0.42886,0.37264,0.404411,5
0,0.5,0.2,0.544472,0.537213,0.460316,5
0,0.333333,0,0.260154,0.13214,0.108712,5
0,0.5,0.2,0.553685,0.419893,0.421766,5
0,0.5,0.2,0.399794,0.43367,0.380233,5
0,0.666667,0.4,0.460309,0.459015,0.434785,5
0,0.5,0.2,0.475487,0.395927,0.408617,5
0,0.5,0.2,0.50217,0.428031,0.336702,5
0,0.333333,0,0.413226,0.384872,0.304343,5
0,0.333333,0,0.338292,0.364639,0.275217,5
0,0.666667,0.4,0.518669,0.441622,0.435409,5
0,0.5,0,0.360877,0.18659,0.204057,5
0,0.5,0.2,0.433003,0.318272,0.374851,5
0,0.5,0.2,0.418873,0.382572,0.367614,5
0,0.5,0.2,0.454966,0.390915,0.400955,5
0,0.5,0.2,0.445237,0.441346,0.458582,5
0,0.5,0.2,0.449259,0.378534,0.44228,5
0,0.5,0.2,0.401554,0.337208,0.307972,5
0,0.666667,0.4,0.522874,0.53589,0.503563,5
0,0.5,0.2,0.36716,0.324268,0.300462,5
0,0.333333,0,0.426598,0.430734,0.332997,5
0,0.666667,0.4,0.42842,0.444663,0.386535,5
0,0.333333,0,0.484093,0.520925,0.393122,5
0,0.5,0.2,0.491622,0.417665,0.426125,5
0,0.333333,0,0.405637,0.431675,0.346369,5
0,0.5,0.2,0.479449,0.472923,0.425635,5
0,0.666667,0.4,0.522934,0.509826,0.476494,5
0,0.666667,0.4,0.53198,0.595842,0.485216,5
0,0.333333,0,0.402951,0.483294,0.347184,5
0,0.5,0.2,0.526577,0.535486,0.52959,5
0,0.5,0.2,0.605094,0.576494,0.549145,5
0,0.5,0.2,0.49833,0.559156,0.477754,5
0,0.333333,0,0.279916,0.158868,0.120763,5
0,0.333333,0,0.438027,0.475832,0.385934,5
0,0.5,0.2,0.594985,0.578755,0.469053,5
0,0.5,0.2,0.400173,0.374232,0.307718,5
0,0.5,0.2,0.59091,0.571412,0.542626,5
0,0.5,0.2,0.503795,0.423607,0.462121,5
0,0.5,0.2,0.413166,0.441778,0.346478,5
0,0.5,0.2,0.444873,0.470393,0.387815,5
0,0.5,0.2,0.404256,0.388431,0.362098,5
0,0.5,0.2,0.398412,0.408975,0.359523,5
0,0.5,0.2,0.496205,0.470516,0.396471,5
0,0.5,0.2,0.444675,0.45168,0.338613,5
0,0.5,0.2,0.400234,0.419836,0.386481,5
0,0.5,0.2,0.405576,0.351943,0.280911,5
0,0.5,0.2,0.410525,0.442066,0.355603,5
0,0.5,0.2,0.504736,0.455565,0.453236,5
0,0.5,0.2,0.404818,0.455031,0.403567,5
0,0.333333,0,0.426477,0.419904,0.284957,5
0,0.5,0.2,0.481953,0.529822,0.419105,5
0,0.5,0.2,0.436707,0.40155,0.327316,5
0,0.5,0.2,0.404499,0.398965,0.303281,5
0,0.333333,0,0.483532,0.534945,0.380552,5
0,0.333333,0,0.344499,0.290143,0.275905,5
0,0.333333,0,0.411784,0.281288,0.322526,5
0,0.666667,0.2,0.441412,0.440309,0.330741,5
0,0.333333,0,0.348643,0.287965,0.268797,5
0,0.666667,0.4,0.349842,0.393136,0.342261,5
0,0.5,0.2,0.609374,0.519505,0.525342,5
0,0.333333,0,0.448819,0.403044,0.367235,5
0,0.5,0.2,0.477066,0.446237,0.424035,5
0,0.333333,0,0.376571,0.373626,0.335922,5
0,0.5,0.2,0.523815,0.354678,0.400507,5
0,0.333333,0,0.477248,0.428911,0.376106,5
0,0.5,0.2,0.515527,0.487314,0.38754,5
0,0.5,0.2,0.428222,0.379728,0.35006,5
0,0.5,0.2,0.245659,0.241156,0.135229,5
0,0.5,0.2,0.380722,0.416255,0.272022,5
0,0.5,0.2,0.458169,0.387307,0.395069,5
0,0.666667,0.4,0.423957,0.390407,0.375533,5
0,0.5,0.2,0.486552,0.420448,0.426115,5
0,0.5,0.2,0.348894,0.363387,0.280649,5
0,0.5,0.2,0.392265,0.376063,0.306158,5
0,0.5,0.2,0.482333,0.419762,0.431676,5
0,0.5,0.2,0.440471,0.381646,0.341338,5
0,0.5,0.2,0.42716,0.38919,0.306409,5
0,0.666667,0.4,0.444615,0.378977,0.346112,5
0,0.5,0.2,0.420952,0.48148,0.334831,5
0,0.333333,0,0.408081,0.39797,0.379412,5
0,0.333333,0,0.492502,0.464811,0.378399,5
0,0.333333,0,0.468657,0.428438,0.307814,5
0,0.5,0.2,0.43651,0.370127,0.364267,5
0,0.333333,0,0.368602,0.338469,0.317328,5
0,0.5,0.2,0.491242,0.482139,0.450973,5
0,0.5,0.2,0.414683,0.469062,0.364064,5
0,0.333333,0,0.46808,0.410853,0.329817,5
0,0.5,0.2,0.610118,0.481055,0.52257,5
0,0.333333,0,0.388197,0.439085,0.285245,5
0,0.5,0.2,0.57026,0.493116,0.5202,5
0,0.5,0.2,0.424397,0.35161,0.372098,5
0,0.5,0.2,0.457228,0.39831,0.402261,5
0,0.5,0.2,0.401175,0.377958,0.339966,5
0,0.5,0.2,0.49833,0.461222,0.414299,5
0,0.5,0.2,0.433307,0.460165,0.396545,5
0,0.5,0.2,0.373247,0.400097,0.284438,5
0,0.5,0.2,0.441351,0.392024,0.388379,5
0,0.5,0.2,0.383856,0.409431,0.29856,5
0,0.5,0.2,0.527078,0.487435,0.496915,5
0,0.333333,0,0.355868,0.314537,0.271446,5
0,0.333333,0,0.525636,0.451089,0.441559,5
0,0.333333,0,0.409963,0.385151,0.279702,5
0,1,0.4,0.11543,0.224149,0.201799,5
0,0.5,0.2,0.491622,0.479537,0.395887,5
0,0.5,0.2,0.452644,0.469254,0.484451,5
0,0.666667,0.4,0.416869,0.442632,0.422193,5
0,0.5,0.2,0.468217,0.463258,0.306988,5
0,0.666667,0.4,0.49106,0.480951,0.395491,5
0,0.5,0.2,0.583495,0.522933,0.507623,5
0,0.5,0.2,0.548547,0.557419,0.467543,5
0,0.333333,0,0.368982,0.34233,0.296943,5
0,0.666667,0.4,0.575542,0.575818,0.523833,5
0,0.5,0.2,0.523253,0.462154,0.462437,5
0,0.5,0.2,0.585575,0.619045,0.429711,5
0,0.5,0.2,0.567437,0.594006,0.475853,5
0,0.333333,0,0.390064,0.418094,0.288424,5
0,0.333333,0,0.451824,0.39901,0.322152,5
0,0.333333,0,0.464574,0.470523,0.337238,5
0,0.5,0.2,0.428359,0.357135,0.347393,5
0,0.5,0.2,0.437648,0.399805,0.278473,5
0,0.5,0.2,0.334649,0.304685,0.250646,5
0,0.5,0.2,0.353166,0.368878,0.294761,5
0,0.5,0.2,0.406381,0.341169,0.312207,5
0,0.333333,0,0.3976,0.401315,0.27811,5
0,0.333333,0,0.583632,0.531731,0.443803,5
0,0.5,0.2,0.309665,0.267879,0.262153,5
0,0.5,0.2,0.51829,0.505038,0.443098,5
0,0.5,0.2,0.470964,0.480297,0.436504,5
0,0.333333,0,0.836182,0.67537,0.794201,6
0,0.5,0.2,0.493625,0.371113,0.328291,6
0,0.333333,0,0.837001,0.644477,0.758274,6
0,0.5,0.2,0.896378,0.665249,0.886461,6
0,0.333333,0,0.616015,0.653833,0.514937,6
0,0.5,0.2,0.775803,0.611976,0.759918,6
0,0.333333,0,0.662528,0.566491,0.666378,6
0,0.333333,0,0.732636,0.597591,0.663603,6
0,0.333333,0,0.606672,0.504341,0.603335,6
0,0.5,0.2,0.889844,0.667096,0.815225,6
0,0.333333,0,0.657823,0.68978,0.650045,6
0,0.5,0.2,0.700185,0.52212,0.643436,6
0,0.333333,0,0.666854,0.667273,0.584754,6
0,0.5,0.2,0.823129,0.640586,0.745033,6
0,0.5,0.2,0.808254,0.70772,0.758291,6
0,0.333333,0,0.690016,0.501002,0.613989,6
0,0.333333,0,0.784849,0.581096,0.748782,6
0,0.5,0.2,0.94784,0.797712,0.947879,6
0,0.5,0.2,0.925118,0.785561,0.922428,6
0,0.333333,0,0.726102,0.61651,0.673333,6
0,0.333333,0,0.61156,0.631416,0.506174,6
0,0.5,0.2,0.770855,0.660516,0.748729,6
0,0.5,0.2,0.775818,0.692726,0.764575,6
0,0.333333,0,0.723347,0.557398,0.644673,6
0,0.333333,0,0.648154,0.560034,0.653945,6
0,0.5,0.2,0.686252,0.503845,0.641403,6
0,0.333333,0,0.689439,0.598329,0.579429,6
0,0.5,0.2,0.53387,0.571984,0.522702,6
0,0.333333,0,0.677532,0.489699,0.675798,6
0,0.333333,0,0.606976,0.445336,0.585571,6
0,0.333333,0,0.602711,0.657874,0.519507,6
0,0.5,0.2,0.842086,0.623453,0.852811,6
0,0.333333,0,0.508333,0.34615,0.308789,6
0,0.333333,0,0.743731,0.620124,0.662524,6
0,0.5,0.2,0.703691,0.575635,0.68976,6
0,0.5,0.2,0.66145,0.545323,0.610185,6
0,0.5,0.2,0.906548,0.820825,0.945655,6
0,0.333333,0,0.762628,0.58423,0.648435,6
0,0.5,0.2,0.733759,0.65253,0.693204,6
0,0.333333,0,0.77405,0.630206,0.697906,6
0,0.5,0.2,0.878863,0.71899,0.852766,6
0,0.5,0.2,0.835119,0.780986,0.832947,6
0,0.333333,0,0.587017,0.520736,0.469978,6
0,0.333333,0,0.864307,0.730919,0.799264,6
0,0.333333,0,0.658506,0.43814,0.535925,6
0,0.5,0.2,0.84648,0.738461,0.85467,6
0,0.333333,0,0.701187,0.773517,0.604855,6
0,0.5,0.2,0.720706,0.606592,0.701028,6
0,0.333333,0,0.686373,0.713851,0.603914,6
0,0.5,0.2,0.685242,0.438077,0.619813,6
0,0.333333,0,0.70615,0.549939,0.61275,6
0,0.5,0.2,0.639928,0.505799,0.539932,6
0,0.333333,0,0.672439,0.4874,0.598072,6
0,0.333333,0,0.566997,0.625397,0.499893,6
0,0.5,0.2,0.702568,0.699616,0.604285,6
0,0.5,0.2,0.878241,0.681187,0.837566,6
0,0.333333,0,0.579549,0.601116,0.492857,6
0,0.5,0.2,0.639806,0.485888,0.612661,6
0,0.333333,0,0.890793,0.713853,0.880185,6
0,0.5,0.2,0.601201,0.560266,0.524112,6
0,0.333333,0,0.695662,0.653365,0.614568,6
0,0.333333,0,0.612569,0.56768,0.597758,6
0,0.333333,0,0.43991,0.502255,0.414591,6
0,0.333333,0,0.60183,0.641105,0.511665,6
0,0.333333,0,0.789053,0.584067,0.731435,6
0,0.5,0.2,0.854198,0.588725,0.817656,6
0,0.5,0.2,0.714559,0.537697,0.73057,6
0,0.5,0.2,0.803928,0.605818,0.788375,6
0,0.5,0.2,0.751336,0.611584,0.667945,6
0,0.5,0.2,0.669935,0.503241,0.670348,6
0,0.5,0.2,0.843543,0.737716,0.893066,6
0,0.5,0.2,0.803108,0.701705,0.785941,6
0,0.5,0.2,0.608099,0.476663,0.572495,6
0,0.333333,0,0.659948,0.615315,0.56243,6
0,0.5,0.2,0.695419,0.633133,0.71841,6
0,0.5,0.2,0.81516,0.880023,0.753837,6
0,0.5,0.2,0.6929,0.718276,0.69281,6
0,0.333333,0,0.72485,0.563027,0.663743,6
0,0.333333,0,0.68273,0.719909,0.563907,6
0,0.5,0.2,0.690335,0.559412,0.619654,6
0,0.333333,0,0.793258,0.591154,0.755682,6
0,0.333333,0,0.64395,0.544807,0.476794,6
0,0.5,0.2,0.909811,0.756836,0.824388,6
0,0.5,0.2,0.855261,0.734483,0.86578,6
0,0.333333,0,0.699426,0.664752,0.578069,6
0,0.333333,0,0.720964,0.60496,0.654002,6
0,0.333333,0,0.714119,0.673038,0.732219,6
0,0.333333,0,0.402199,0.370067,0.299019,6
0,0.5,0.2,0.704071,0.593455,0.663892,6
0,0.333333,0,0.593543,0.481329,0.498344,6
0,0.5,0.2,0.653421,0.488848,0.594478,6
0,0.5,0.2,0.810956,0.601317,0.7462,6
0,0.5,0.2,0.73533,0.618706,0.712925,6
0,0.5,0.2,0.533673,0.402671,0.478262,6
0,0.5,0.2,0.82388,0.678005,0.829085,6
0,0.5,0.2,0.758052,0.565051,0.739109,6
0,0.5,0.2,0.842466,0.659223,0.84625,6
0,0.5,0.2,0.732128,0.800249,0.694405,6
0,0.333333,0,0.740347,0.519246,0.617963,6
0,0.5,0.2,0.74619,0.612229,0.665839,6
0,0.333333,0,0.563733,0.606292,0.483593,6
0,0.333333,0,0.535115,0.382901,0.413227,6
0,0.5,0.2,0.767409,0.611288,0.735546,6
0,0.5,0.2,0.754356,0.613514,0.749954,6
0,0.333333,0,0.707152,0.530105,0.654571,6
0,0.5,0.2,0.767592,0.592199,0.772155,6
0,0.5,0.2,0.804687,0.692055,0.779423,6
0,0.333333,0,0.771796,0.689828,0.670632,6
0,0.5,0.2,0.562914,0.367894,0.458848,6
0,0.333333,0,0.741485,0.678882,0.686181,6
0,0.5,0.2,0.656684,0.470824,0.537776,6
0,0.5,0.2,0.687572,0.574846,0.656941,6
0,0.5,0.2,0.968065,0.820978,0.969542,6
0,0.333333,0,0.803048,0.653726,0.713512,6
0,0.5,0.2,0.893859,0.698144,0.97955,6
0,0.333333,0,0.848552,0.674811,0.760399,6
0,0.333333,0,0.711554,0.61887,0.748602,6
0,0.5,0.2,0.874476,0.693203,0.860355,6
0,0.5,0.2,0.770354,0.679113,0.722427,6
0,0.5,0.2,0.963466,0.832643,1,6
0,0.333333,0,0.456294,0.450875,0.303784,6
0,0.5,0.2,0.777321,0.563042,0.68563,6
0,0.5,0.2,0.852195,0.674509,0.762063,6
0,0.5,0.2,0.68525,0.54499,0.657343,6
0,0.5,0.2,0.752019,0.613141,0.748373,6
0,0.5,0.2,0.848051,0.659874,0.74969,6
0,0.5,0.2,0.796157,0.629056,0.824946,6
0,0.5,0.2,0.934294,0.782896,0.810382,6
0,0.5,0.2,0.815418,0.652349,0.764815,6
0,0.5,0.2,0.578486,0.536371,0.521197,6
0,0.333333,0,0.599766,0.509259,0.538361,6
0,0.5,0.2,0.866189,0.74186,0.865314,6
0,0.5,0.2,0.788052,0.611875,0.747283,6
0,0.5,0.2,0.762385,0.63316,0.743653,6
0,0.5,0.2,0.781905,0.685237,0.825283,6
0,0.5,0.2,0.710802,0.548334,0.721104,6
0,0.5,0.2,0.757999,0.764251,0.780891,6
0,0.5,0.2,0.8756,0.710189,0.837204,6
0,0.5,0.2,0.728234,0.567016,0.657484,6
0,0.333333,0,0.611939,0.383115,0.573194,6
0,0.333333,0,0.590599,0.491483,0.482469,6
0,0.333333,0,0.651934,0.562773,0.639104,6
0,0.333333,0,0.666915,0.689692,0.549207,6
0,0.333333,0,0.783589,0.62187,0.685369,6
0,0.5,0.2,0.669814,0.576383,0.638781,6
0,0.5,0.2,0.606536,0.549726,0.63804,6
0,0.5,0.2,0.82627,0.642584,0.823013,6
0,0.333333,0,0.759562,0.612948,0.728579,6
0,0.5,0.2,0.871585,0.663645,0.854704,6
0,0.5,0.2,0.836501,0.693737,0.871317,6
0,0.333333,0,0.774877,0.618246,0.757941,6
0,0.5,0.2,0.669874,0.466953,0.588098,6
0,0.5,0.2,0.820685,0.753077,0.710421,6
0,0.5,0.2,0.731938,0.658948,0.690975,6
0,0.333333,0,0.701384,0.609953,0.699934,6
0,0.5,0.2,0.70275,0.569367,0.646632,6
0,0.5,0.2,0.744505,0.780338,0.757542,6
0,0.5,0.2,0.542651,0.568863,0.493461,6
0,0.333333,0,0.844666,0.740901,0.731646,6
0,0.5,0.2,0.801978,0.857511,0.703669,6
0,0.5,0.2,0.687314,0.561894,0.601389,6
0,0.333333,0,0.672576,0.577172,0.672625,6
0,0.5,0.2,0.86411,0.746058,0.829442,6
0,0.5,0.2,0.790116,0.585845,0.702147,6
0,0.333333,0,0.54001,0.513255,0.40509,6
0,0.5,0.2,0.649278,0.620376,0.588173,6
0,0.5,0.2,0.747632,0.562979,0.677224,6
0,0.333333,0,0.712677,0.600776,0.658486,6
0,0.5,0.2,0.74575,0.717312,0.672661,6
0,0.5,0.2,0.831795,0.627662,0.827786,6
0,0.5,0.2,0.658263,0.578502,0.612146,6
0,0.5,0.2,0.862045,0.817314,0.855683,6
0,0.5,0.2,0.871585,0.663645,0.854704,6
0,0.5,0.2,0.857279,0.739506,0.832919,6
0,0.333333,0,0.619528,0.574676,0.583052,6
0,0.5,0.2,0.502983,0.474531,0.487246,6
0,0.333333,0,0.826149,0.72194,0.815662,6
0,0.5,0.2,0.695548,0.595628,0.666263,6
0,0.333333,0,0.619088,0.497127,0.508165,6
0,0.5,0.2,0.61502,0.474143,0.569077,6
0,0.5,0.2,0.81774,0.609917,0.792073,6
0,0.5,0.2,0.80833,0.815259,0.7674,6
0,0.5,0.2,0.888592,0.708067,0.88398,6
0,0.333333,0,0.627057,0.523081,0.511045,6
0,0.5,0.2,0.622685,0.598621,0.638416,6
0,0.5,0.2,0.715743,0.54124,0.612386,6
0,0.5,0.2,0.606915,0.5108,0.560381,6
0,0.5,0.2,0.669055,0.612036,0.574075,6
0,0.333333,0,0.69183,0.486588,0.567187,6
0,0.5,0.2,0.899141,0.693917,0.846072,6
0,0.333333,0,0.619908,0.526095,0.524033,6
0,0.333333,0,0.603849,0.468561,0.563477,6
0,0.5,0.2,0.738024,0.583031,0.648549,6
0,0.5,0.2,0.741986,0.643497,0.696749,6
0,0.5,0.2,0.582311,0.627402,0.510886,6
0,0.333333,0,0.53198,0.404964,0.476715,6
0,0.5,0.2,0.770475,0.688533,0.70911,6
0,0.5,0.2,0.927008,0.734012,0.920866,6
0,0.5,0.2,0.812716,0.622331,0.824796,6
0,0.5,0.2,0.701126,0.514208,0.616016,6
0.5,0.166667,0.2,0.345198,0.312073,0.188405,7
0.5,0.166667,0.2,0.364838,0.32276,0.176859,7
0.5,0.166667,0.2,0.455406,0.25799,0.253541,7
0.5,0.166667,0.2,0.514268,0.317403,0.267272,7
0.5,0.166667,0.2,0.260336,0.291196,0.145512,7
0.5,0.166667,0.2,0.303139,0.133541,0.127111,7
0.5,0.166667,0.2,0.287384,0.236915,0.151399,7
0.5,0.166667,0.2,0.236742,0.142271,0.106717,7
0.5,0.166667,0.2,0.308724,0.245346,0.130309,7
0.5,0.166667,0.2,0.291148,0.131534,0.127984,7
0.5,0.166667,0.2,0.32794,0.321983,0.178109,7
0.5,0.166667,0.2,0.392007,0.282272,0.21454,7
0.5,0.166667,0.2,0.256754,0.17525,0.11386,7
0.5,0.166667,0.2,0.550118,0.454117,0.314636,7
0.5,0.166667,0.2,0.284879,0.211666,0.120402,7
0.5,0.166667,0.2,0.545034,0.336229,0.322455,7
0.5,0.166667,0.2,0.549739,0.440297,0.291575,7
0.5,0.166667,0.2,0.297614,0.263661,0.150125,7
0.5,0.166667,0.2,0.269686,0.138613,0.111778,7
0.5,0.166667,0.2,0.402374,0.225335,0.194675,7
0.5,0.166667,0.2,0.380411,0.282005,0.174737,7
0.5,0.166667,0.2,0.318894,0.277199,0.157416,7
0.5,0.166667,0.2,0.273708,0.207815,0.163278,7
0.5,0.166667,0.2,0.472603,0.34386,0.273094,7
0.5,0.166667,0.2,0.270187,0.171045,0.120846,7
0.5,0.166667,0.2,0.281859,0.22912,0.137976,7
0.5,0.166667,0.2,0.277093,0.174399,0.111903,7
0.5,0.166667,0.2,0.318393,0.201185,0.147718,7
0.5,0.166667,0.2,0.322597,0.237051,0.160346,7
0.5,0.166667,0.2,0.233031,0.123371,0.078627,7
0.5,0.166667,0.2,0.319903,0.286338,0.16878,7
0.5,0.166667,0.2,0.259456,0.245599,0.119555,7
0.5,0.166667,0.2,0.262598,0.172912,0.106529,7
0.5,0.166667,0.2,0.2862,0.258469,0.142464,7
0.5,0.166667,0.2,0.330262,0.332525,0.174203,7
0.5,0.166667,0.2,0.27427,0.225282,0.14239,7
0.5,0.166667,0.2,0.441473,0.315384,0.238531,7
0.5,0.166667,0.2,0.261156,0.297726,0.146813,7
0.5,0.166667,0.2,0.317513,0.182152,0.119809,7
0.5,0.166667,0.2,0.343756,0.277702,0.166608,7
0.5,0.166667,0.2,0.480253,0.39725,0.280413,7
0.5,0.166667,0.2,0.269064,0.165486,0.120769,7
0.5,0.166667,0.2,0.332585,0.291837,0.166132,7
0.5,0.166667,0.2,0.377451,0.298531,0.184752,7
0.5,0.166667,0.2,0.468202,0.371753,0.261417,7
0.5,0.333333,0.4,0.382354,0.364936,0.191478,7
0.5,0.166667,0.2,0.420254,0.217876,0.219793,7
0.5,0.166667,0.2,0.217595,0.112987,0.05641,7
0.5,0.166667,0.2,0.2941,0.230874,0.125517,7
0.5,0.166667,0.2,0.282937,0.170379,0.120548,7
0.5,0.166667,0.2,0.228584,0.162602,0.088232,7
0.5,0.166667,0.2,0.371426,0.339619,0.182294,7
0.5,0.166667,0.2,0.301758,0.338931,0.15451,7
0.5,0.166667,0.2,0.274907,0.138766,0.122226,7
0.5,0.166667,0.2,0.250106,0.141288,0.104473,7
0.5,0.166667,0.2,0.257073,0.276677,0.143561,7
0.5,0.166667,0.2,0.270627,0.283059,0.151836,7
0.5,0.166667,0.2,0.435948,0.383141,0.261797,7
0.5,0.166667,0.2,0.260397,0.181497,0.11589,7
0.5,0.166667,0.2,0.309301,0.259648,0.164708,7
0.5,0.166667,0.2,0.386437,0.259662,0.205343,7
0.5,0.166667,0.2,0.294852,0.148352,0.145552,7
0.5,0.166667,0.2,0.254128,0.18016,0.118158,7
0.5,0.333333,0.2,0.306159,0.222525,0.129258,7
0.5,0.166667,0.2,0.492381,0.411601,0.263096,7
0.5,0.166667,0.2,0.279172,0.219757,0.148031,7
0.5,0.166667,0.2,0.298934,0.178494,0.142888,7
0.5,0.166667,0.2,0.284697,0.143693,0.133533,7
0.5,0.166667,0.2,0.241257,0.197312,0.113914,7
0.5,0.166667,0.2,0.384737,0.352301,0.19106,7
0.5,0.166667,0.2,0.357568,0.307221,0.178093,7
0.5,0.166667,0.2,0.261156,0.297726,0.146813,7
0.5,0.166667,0.2,0.279172,0.219757,0.148031,7
0.5,0.166667,0.2,0.330004,0.210141,0.193873,7
0.5,0.166667,0.2,0.266301,0.26707,0.150702,7
0.5,0.166667,0.2,0.296354,0.239821,0.152879,7
0.5,0.166667,0.2,0.25387,0.195346,0.132926,7
0.5,0.166667,0.2,0.27767,0.208857,0.127048,7
0.5,0.166667,0.2,0.255692,0.227242,0.119443,7
0.5,0.166667,0.2,0.310356,0.344334,0.155203,7
0.5,0.166667,0.2,0.242821,0.262303,0.135841,7
0.5,0.166667,0.2,0.236552,0.135219,0.078653,7
0.5,0.166667,0.2,0.287141,0.285489,0.167392,7
0.5,0.166667,0.2,0.353606,0.264187,0.170953,7
0.5,0.166667,0.2,0.379652,0.262169,0.181272,7
0.5,0.166667,0.2,0.238996,0.25379,0.118661,7
0.5,0.166667,0.2,0.259395,0.192985,0.118253,7
0.5,0.166667,0.2,0.460172,0.270083,0.280348,7
0.5,0.166667,0.2,0.322279,0.229701,0.152083,7
0.5,0.166667,0.2,0.256891,0.160277,0.12016,7
0.5,0.166667,0.2,0.268745,0.293768,0.123376,7
0.5,0.166667,0.2,0.311047,0.214095,0.143356,7
0.5,0.166667,0.2,0.298995,0.168084,0.136983,7
0.5,0.166667,0.2,0.238556,0.262197,0.128383,7
0.5,0.166667,0.2,0.298054,0.221001,0.133324,7
0.5,0.166667,0.2,0.332327,0.204603,0.195966,7
0.5,0.166667,0.2,0.309787,0.265623,0.153079,7
0.5,0.166667,0.2,0.282178,0.230191,0.136062,7
0.5,0.166667,0.2,0.243519,0.138131,0.101592,7
0.5,0.333333,0.4,0.456029,0.329042,0.251867,7
0.5,0.166667,0.2,0.236734,0.169951,0.106227,7
0.5,0.166667,0.2,0.263357,0.115257,0.100748,7
0.5,0.166667,0.2,0.421195,0.3608,0.230569,7
0.5,0.166667,0.2,0.299997,0.174516,0.143697,7
0.5,0.166667,0.2,0.45911,0.399317,0.242173,7
0.5,0.166667,0.2,0.297432,0.236398,0.139777,7
0.5,0.166667,0.2,0.269125,0.201867,0.119693,7
0.5,0.166667,0.2,0.352847,0.370466,0.196713,7
0.5,0.166667,0.2,0.295929,0.212597,0.142881,7
0.5,0.166667,0.2,0.269686,0.24077,0.150375,7
0.5,0.166667,0.2,0.396409,0.324901,0.229244,7
0.5,0.166667,0.2,0.28406,0.217306,0.129975,7
0.5,0.166667,0.2,0.311806,0.286342,0.134711,7
0.5,0.166667,0.2,0.361886,0.226927,0.15761,7
0.5,0.166667,0.2,0.325299,0.279654,0.16331,7
0.5,0.166667,0.2,0.2432,0.181911,0.112775,7
0.5,0.166667,0.2,0.260093,0.213299,0.104241,7
0.5,0.166667,0.2,0.476428,0.304322,0.256237,7
0.5,0.166667,0.2,0.209247,0.128475,0.095902,7
0.5,0.166667,0.2,0.260716,0.195703,0.138589,7
0.5,0.166667,0.2,0.322096,0.273262,0.175652,7
0.5,0.166667,0.2,0.289205,0.189854,0.144587,7
0.5,0.166667,0.2,0.284439,0.190598,0.137044,7
0.5,0.166667,0.2,0.442156,0.252901,0.258716,7
0.5,0.166667,0.2,0.24572,0.158606,0.099638,7
0.5,0.166667,0.2,0.268123,0.211704,0.12807,7
0.5,0.166667,0.2,0.282557,0.160111,0.138544,7
0.5,0.166667,0.2,0.297052,0.217898,0.144859,7
0.5,0.166667,0.2,0.241197,0.06946,0.060742,7
0.5,0.166667,0.2,0.302638,0.221924,0.141926,7
0.5,0.166667,0.2,0.204921,0.210706,0.125898,7
0.5,0.166667,0.2,0.341934,0.159208,0.179538,7
0.5,0.166667,0.2,0.343057,0.230355,0.171324,7
0.5,0.166667,0.2,0.273329,0.20601,0.122714,7
0.5,0.166667,0.2,0.397532,0.291846,0.206246,7
0.5,0.166667,0.2,0.508758,0.498236,0.33118,7
0.5,0.166667,0.2,0.351922,0.345173,0.203785,7
0.5,0.166667,0.2,0.373308,0.310846,0.203487,7
0,0.333333,0,0.297675,0.179825,0.12688,7
0.5,0.166667,0.2,0.531404,0.343119,0.289325,7
0.5,0.166667,0.2,0.308922,0.174226,0.135905,7
0.5,0.166667,0.2,0.246281,0.25112,0.102388,7
0.5,0.166667,0.2,0.245902,0.139157,0.081014,7
0.5,0.166667,0.2,0.307844,0.173838,0.129486,7
0.5,0.166667,0.2,0.275712,0.167978,0.126893,7
0.5,0.166667,0.2,0.237873,0.202879,0.112849,7
0.5,0.166667,0.2,0.29561,0.189399,0.127863,7
0.5,0.166667,0.2,0.304399,0.171262,0.134406,7
0.5,0.166667,0.2,0.41523,0.281755,0.19558,7
0.5,0.166667,0.2,0.348901,0.320081,0.185808,7
0.5,0.166667,0.2,0.322339,0.252812,0.15747,7
0.5,0.166667,0.2,0.470463,0.304206,0.27331,7
0.5,0.166667,0.2,0.426219,0.231134,0.262821,7
0.5,0.166667,0.2,0.262158,0.156405,0.103001,7
0.5,0.166667,0.2,0.326422,0.126285,0.123751,7
0.5,0.166667,0.2,0.350267,0.262411,0.158322,7
0.5,0.166667,0.2,0.36924,0.339119,0.190654,7
0.5,0.166667,0.2,0.258454,0.202074,0.125009,7
0.5,0.166667,0.2,0.267804,0.139219,0.123586,7
0,0.5,0.2,0.626563,0.547418,0.512563,7
0.5,0.166667,0.2,0.338732,0.259248,0.171157,7
0.5,0.166667,0.2,0.389822,0.395077,0.203105,7
0.5,0.166667,0.2,0.401433,0.337088,0.235778,7
0.5,0.166667,0.2,0.241637,0.247066,0.103577,7
0.5,0.166667,0.2,0.265542,0.215036,0.144643,7
0.5,0.166667,0.2,0.338474,0.239676,0.177351,7
0.5,0.166667,0.2,0.321034,0.245628,0.154234,7
0.5,0.166667,0.2,0.255813,0.257749,0.130363,7
0.5,0.166667,0.2,0.266559,0.258818,0.133853,7
0.5,0.166667,0.2,0.310227,0.286393,0.155264,7
0.5,0.166667,0.2,0.284621,0.203697,0.135894,7
0.5,0.166667,0.2,0.283559,0.194452,0.140311,7
0.5,0.166667,0.2,0.356551,0.210653,0.14545,7
0.5,0.166667,0.2,0.322787,0.265375,0.161954,7
0.5,0.166667,0.2,0.270764,0.151536,0.099775,7
0.5,0.166667,0.2,0.25513,0.136923,0.094752,7
0.5,0.166667,0.2,0.302076,0.200148,0.148402,7
0.5,0.166667,0.2,0.308922,0.21547,0.153872,7
0.5,0.166667,0.2,0.249863,0.233206,0.117379,7
0.5,0.166667,0.2,0.243215,0.203018,0.127674,7
0.5,0.166667,0.2,0.24578,0.2727,0.11479,7
0.5,0.166667,0.2,0.316131,0.218284,0.154938,7
0.5,0.166667,0.2,0.345198,0.310396,0.187137,7
0.5,0.166667,0.2,0.234291,0.24271,0.114066,7
0.5,0.166667,0.2,0.513584,0.353052,0.272872,7
0.5,0.166667,0.2,0.24358,0.252568,0.107432,7
0.5,0.166667,0.2,0.301333,0.333612,0.159884,7
0.5,0.166667,0.2,0.258894,0.136858,0.10313,7
0.5,0.166667,0.2,0.291588,0.148258,0.108802,7
0.5,0.166667,0.2,0.301135,0.154072,0.122498,7
0.5,0.166667,0.2,0.271325,0.248878,0.133445,7
0.5,0.166667,0.2,0.441473,0.249893,0.246052,7
0.5,0.166667,0.2,0.270627,0.208368,0.12315,7
0.5,0.166667,0.2,0.478447,0.400498,0.26839,7
0.5,0.166667,0.2,0.274832,0.23813,0.128061,7
0.5,0.166667,0.2,0.297993,0.239197,0.142261,7
0.5,0.166667,0.2,0.230086,0.148046,0.093208,7
0.5,0.166667,0.2,0.400552,0.341122,0.255276,7
0.5,0.166667,0.2,0.366902,0.198344,0.138216,7
0.5,0.166667,0.2,0.262917,0.256699,0.150824,7
0,0.333333,0,0.298069,0.340824,0.179709,8
0,0.333333,0,0.340675,0.383176,0.231473,8
0,0.333333,0,0.633462,0.500553,0.414632,8
0,0.333333,0,0.444038,0.389494,0.299837,8
0,0.333333,0,0.411283,0.431573,0.251568,8
0,0.333333,0,0.578228,0.530214,0.390134,8
0,0.333333,0,0.328122,0.315988,0.183272,8
0,0.333333,0,0.543212,0.522553,0.393107,8
0,0.333333,0,0.403998,0.389089,0.254014,8
0,0.5,0.2,0.479692,0.424191,0.277134,8
0,0.333333,0,0.521932,0.452756,0.331109,8
0,0.333333,0,0.427099,0.360001,0.246056,8
0,0.333333,0,0.460491,0.386241,0.270479,8
0,0.333333,0,0.415928,0.459526,0.298523,8
0,0.333333,0,0.492365,0.510174,0.320922,8
0,0.333333,0,0.431865,0.51552,0.28955,8
0,0.333333,0,0.358372,0.372477,0.229621,8
0,0.5,0.2,0.392265,0.441369,0.251881,8
0,0.333333,0,0.499408,0.515473,0.344001,8
0,0.333333,0,0.556326,0.491289,0.376961,8
0,0.333333,0,0.397972,0.39596,0.250532,8
0,0.333333,0,0.372867,0.348939,0.215976,8
0,0.333333,0,0.371486,0.399215,0.259835,8
0,0.5,0.2,0.414304,0.435799,0.262417,8
0,0.333333,0,0.376131,0.387408,0.230756,8
0,0.333333,0,0.541573,0.5311,0.392523,8
0,0.333333,0,0.38504,0.486869,0.257976,8
0,0.333333,0,0.481073,0.499304,0.328543,8
0,0.333333,0,0.426219,0.378584,0.268515,8
0,0.333333,0,0.513645,0.456234,0.376019,8
0,0.5,0.2,0.393707,0.432332,0.269782,8
0,0.333333,0,0.415549,0.393609,0.270568,8
0,0.5,0.2,0.529339,0.442532,0.393977,8
0,0.333333,0,0.364019,0.368919,0.227386,8
0,0.333333,0,0.365218,0.337611,0.223688,8
0,0.5,0.2,0.562853,0.475145,0.391417,8
0,0.333333,0,0.331249,0.35131,0.196077,8
0,0.333333,0,0.489163,0.550332,0.338796,8
0,0.5,0.2,0.470843,0.472007,0.385496,8
0,0.333333,0,0.524695,0.451045,0.320048,8
0,0.333333,0,0.323159,0.35035,0.212006,8
0,0.333333,0,0.504478,0.448912,0.317947,8
0,0.333333,0,0.370105,0.486963,0.249442,8
0,0.333333,0,0.380775,0.352633,0.22459,8
0,0.333333,0,0.491864,0.483786,0.359217,8
0,0.333333,0,0.383477,0.369727,0.227775,8
0,0.333333,0,0.27855,0.29876,0.146575,8
0,0.333333,0,0.303579,0.338952,0.208431,8
0,0.5,0.2,0.378271,0.426138,0.235456,8
0,0.333333,0,0.62009,0.583423,0.419899,8
0,0.333333,0,0.413666,0.356659,0.229373,8
0,0.333333,0,0.385799,0.376727,0.232597,8
0,0.333333,0,0.399733,0.515974,0.286867,8
0,0.333333,0,0.387423,0.441476,0.239731,8
0,0.333333,0,0.321778,0.344062,0.205928,8
0,0.333333,0,0.399293,0.326941,0.24724,8
0,0.333333,0,0.352286,0.297915,0.197056,8
0,0.333333,0,0.537187,0.554212,0.395656,8
0,0.333333,0,0.412346,0.47653,0.264256,8
0,0.333333,0,0.430362,0.468659,0.263028,8
0,0.333333,0,0.561153,0.626412,0.41358,8
0,0.333333,0,0.348643,0.361216,0.238107,8
0,0.333333,0,0.427281,0.439417,0.269276,8
0,0.333333,0,0.395331,0.447946,0.243397,8
0,0.333333,0,0.381155,0.33838,0.197254,8
0,0.333333,0,0.503233,0.42821,0.35749,8
0,0.333333,0,0.396029,0.421419,0.276949,8
0,0.333333,0,0.379546,0.533019,0.362631,8
0,0.333333,0,0.346503,0.389508,0.222271,8
0,0.333333,0,0.439773,0.453607,0.32657,8
0,0.333333,0,0.442277,0.446164,0.250939,8
0,0.333333,0,0.34582,0.295452,0.196102,8
0,0.333333,0,0.403998,0.341259,0.238551,8
0,0.333333,0,0.395969,0.344851,0.222089,8
0,0.333333,0,0.419191,0.4762,0.283395,8
0,0.333333,0,0.391324,0.401501,0.244211,8
0,0.333333,0,0.546278,0.580658,0.369434,8
0,0.333333,0,0.375569,0.237002,0.186625,8
0,0.333333,0,0.46808,0.520465,0.313078,8
0,0.333333,0,0.392326,0.347093,0.227389,8
0,0.333333,0,0.449502,0.420038,0.303846,8
0,0.333333,0,0.341737,0.356748,0.202076,8
0,0.333333,0,0.412604,0.350612,0.245436,8
0,0.333333,0,0.401175,0.354291,0.227039,8
0,0.333333,0,0.57967,0.580109,0.37197,8
0,0.333333,0,0.465136,0.416759,0.312189,8
0,0.333333,0,0.517288,0.457135,0.31065,8
0,0.333333,0,0.529339,0.559213,0.38676,8
0,0.333333,0,0.39609,0.410461,0.239662,8
0,0.333333,0,0.430423,0.41073,0.257855,8
0,0.333333,0,0.494688,0.457535,0.353921,8
0,0.333333,0,0.545277,0.461532,0.368554,8
0,0.333333,0,0.342617,0.35959,0.228105,8
0,0.5,0.2,0.486598,0.469427,0.363552,8
0,0.333333,0,0.390505,0.401612,0.244139,8
0,0.333333,0,0.419753,0.384353,0.247314,8
0,0.333333,0,0.413166,0.475183,0.273903,8
0,0.333333,0,0.431865,0.50376,0.272619,8
0,0.333333,0,0.49745,0.4747,0.384114,8
0,0.5,0.2,0.401236,0.44257,0.257899,8
0,0.333333,0,0.373748,0.399631,0.225347,8
0,0.5,0.2,0.508439,0.427293,0.368744,8
0,0.333333,0,0.586576,0.490235,0.397646,8
0,0.5,0.2,0.4706,0.438724,0.332829,8
0,0.333333,0,0.419753,0.395171,0.257428,8
0,0.333333,0,0.381215,0.365572,0.237582,8
0,0.333333,0,0.358873,0.379795,0.238714,8
0,0.333333,0,0.393707,0.416918,0.246591,8
0,0.5,0.2,0.411344,0.422611,0.266687,8
0,0.333333,0,0.51829,0.540831,0.335306,8
0,0.5,0.2,0.38926,0.332351,0.256864,8
0,0.333333,0,0.354229,0.343062,0.216667,8
0,0.333333,0,0.375508,0.412694,0.23834,8
0,0.333333,0,0.444175,0.378542,0.288722,8
0,0.333333,0,0.425657,0.376291,0.25731,8
0,0.333333,0,0.392326,0.427716,0.249705,8
0,0.333333,0,0.491622,0.435193,0.35616,8
0,0.333333,0,0.406381,0.463299,0.313455,8
0,0.333333,0,0.493625,0.430961,0.316718,8
0,0.333333,0,0.512886,0.524326,0.351417,8
0,0.333333,0,0.445738,0.386884,0.310579,8
0,0.5,0.2,0.378271,0.426138,0.235456,8
0,0.5,0.2,0.486097,0.457326,0.320589,8
0,0.333333,0,0.395529,0.370376,0.222846,8
0,0.333333,0,0.531844,0.466139,0.396423,8
0,0.333333,0,0.395589,0.34699,0.232385,8
0,0.333333,0,0.455589,0.4472,0.358447,8
0,0.333333,0,0.550923,0.520384,0.392626,8
0,0.333333,0,0.484533,0.57422,0.323696,8
0,0.5,0,0.391825,0.447375,0.267727,8
0,0.333333,0,0.437511,0.37279,0.240166,8
0,0.333333,0,0.561092,0.516896,0.385776,8
0,0.333333,0,0.41951,0.410763,0.273987,8
0,0.333333,0,0.54854,0.583071,0.399313,8
0,0.333333,0,0.585696,0.600795,0.407841,8
0,0.333333,0,0.379895,0.356143,0.228494,8
0,0.333333,0,0.409022,0.413291,0.256421,8
0,0.333333,0,0.494505,0.454541,0.307879,8
0,0.333333,0,0.366402,0.336225,0.210008,8
0,0.333333,0,0.377512,0.335549,0.223204,8
0,0.5,0.2,0.529901,0.557571,0.405315,8
0,0.333333,0,0.496949,0.492086,0.364837,8
0,0.333333,0,0.459854,0.399192,0.249207,8
0,0.333333,0,0.491371,0.414003,0.253854,8
0,0.333333,0,0.362455,0.341774,0.213894,8
0,0.333333,0,0.489102,0.428239,0.378247,8
0,0.333333,0,0.503855,0.447386,0.349313,8
0,0.333333,0,0.350586,0.292252,0.207976,8
0,0.333333,0,0.374689,0.404664,0.236103,8
0,0.5,0.2,0.496888,0.562315,0.423277,8
0,0.333333,0,0.446937,0.376247,0.259061,8
0,0.333333,0,0.409963,0.392467,0.258751,8
0,0.333333,0,0.388501,0.36946,0.23775,8
0,0.5,0.2,0.44674,0.444877,0.333669,8
0,0.333333,0,0.421073,0.413337,0.261275,8
0,0.333333,0,0.368223,0.358485,0.228177,8
0,0.333333,0,0.387241,0.325461,0.225522,8
0,0.333333,0,0.645756,0.550237,0.383402,8
0,0.333333,0,0.506238,0.428571,0.367416,8
0,0.5,0.2,0.472846,0.458202,0.362683,8
0,0.333333,0,0.378271,0.311785,0.211084,8
0,0.333333,0,0.414228,0.384096,0.235758,8
0,0.333333,0,0.51917,0.47755,0.353593,8
0,0.333333,0,0.362577,0.405933,0.243049,8
0,0.333333,0,0.484336,0.495384,0.313281,8
0,0.333333,0,0.489542,0.402974,0.330121,8
0,0.333333,0,0.417932,0.418728,0.25989,8
0,0.333333,0,0.398352,0.338114,0.242191,8
0,0.333333,0,0.392827,0.335082,0.213148,8
0,0.333333,0,0.515907,0.532871,0.392665,8
0,0.333333,0,0.452765,0.467318,0.325237,8
0,0.333333,0,0.412285,0.455585,0.261542,8
0,0.333333,0,0.447559,0.41347,0.302116,8
0,0.5,0.2,0.542393,0.497124,0.369199,8
0,0.333333,0,0.410904,0.366647,0.239739,8
0,0.333333,0,0.377649,0.323229,0.221437,8
0,0.5,0.2,0.592982,0.647375,0.44016,8
0,0.333333,0,0.500774,0.522287,0.391548,8
0,0.333333,0,0.605215,0.583949,0.451464,8
0,0.333333,0,0.376009,0.375847,0.221221,8
0,0.333333,0,0.646697,0.625291,0.438675,8
0,0.333333,0,0.378453,0.323216,0.221885,8
0,0.333333,0,0.421514,0.399729,0.253088,8
0,0.333333,0,0.545717,0.467255,0.384054,8
0,0.333333,0,0.451582,0.405822,0.246489,8
0,0.333333,0,0.369543,0.379491,0.22891,8
0,0.333333,0,0.449942,0.407742,0.26027,8
0,0.333333,0,0.434946,0.450547,0.277414,8
0,0.333333,0,0.389123,0.42843,0.236961,8
0,0.5,0.2,0.479881,0.450992,0.318224,8
0,0.5,0.2,0.438331,0.481577,0.312393,8
0,0.5,0.2,0.412285,0.339708,0.262268,8
0,0.333333,0,0.420694,0.396135,0.250023,8
0,0.5,0.2,0.383477,0.424418,0.287739,8
0,0.333333,0,0.429862,0.474601,0.275229,8
0,0.333333,0,0.458791,0.51491,0.312685,8
0,0.333333,0,0.367343,0.361229,0.204394,8
0,0.333333,0,0.437952,0.399216,0.262087,8
0,0.333333,0,0.544654,0.529126,0.400775,8
0,0.5,0.2,0.374628,0.348983,0.227587,8
1,0,0.4,0.266043,0.084835,0.024912,9
0.5,0.166667,0.2,0.178116,0,0.017494,9
1,0,0.4,0.291649,0.077337,0.0623,9
1,0,0.4,0.287763,0.138495,0.073098,9
1,0,0.4,0.315372,0.146609,0.038154,9
1,0,0.4,0.282497,0.101226,0.048228,9
1,0,0.4,0.205923,0.088657,0.042301,9
1,0,0.4,0.273329,0.081411,0.034576,9
1,0,0.4,0.201528,0.096612,0.034607,9
1,0,0.4,0.166323,0.067317,0.029644,9
1,0,0.4,0.245765,0.09717,0.025218,9
1,0,0.4,0.271568,0.086697,0.034288,9
0.5,0.166667,0.2,0.264222,0.100502,0.042861,9
1,0,0.4,0.235793,0.056493,0.01117,9
1,0,0.4,0.223613,0.138547,0.032128,9
1,0,0.4,0.265854,0.069739,0.037871,9
0.5,0.166667,0.2,0.693901,0.589305,0.411313,9
1,0,0.4,0.258394,0.086103,0.026841,9
1,0,0.4,0.337404,0.203628,0.046412,9
1,0,0.4,0.263721,0.117793,0.027261,9
1,0,0.4,0.248224,0.155187,0.025028,9
1,0,0.4,0.248095,0.085623,0.03981,9
1,0,0.4,0.27383,0.088174,0.045464,9
1,0,0.4,0.227764,0.045272,0.042665,9
1,0,0.4,0.211508,0.094434,0.029156,9
1,0,0.4,0.293728,0.134952,0.077596,9
1,0,0.4,0.300695,0.138446,0.065616,9
1,0,0.4,0.227142,0.097106,0.023406,9
1,0,0.4,0.286944,0.093666,0.028425,9
1,0,0.4,0.283741,0.168004,0.043024,9
1,0,0.4,0.267865,0.080061,0.026354,9
1,0,0.4,0.241819,0.060789,0.020958,9
1,0,0.4,0.197514,0.090494,0.020104,9
1,0,0.4,0.253802,0.150362,0.044268,9
1,0,0.4,0.282299,0.109767,0.037414,9
1,0,0.4,0.238115,0.155177,0.038178,9
1,0,0.4,0.247154,0.141573,0.029396,9
1,0,0.4,0.285684,0.168581,0.053374,9
1,0,0.4,0.260837,0.084744,0.037479,9
1,0,0.4,0.218794,0.136451,0.060469,9
1,0,0.4,0.252861,0.158346,0.040938,9
1,0,0.4,0.196436,0.056692,0.014362,9
0.5,0.166667,0.2,0.690835,0.518402,0.413007,9
1,0,0.4,0.255753,0.139306,0.052318,9
1,0,0.4,0.268297,0.079468,0.048516,9
1,0,0.4,0.205983,0.111599,0.030019,9
1,0,0.4,0.254811,0.131875,0.027637,9
1,0,0.4,0.264541,0.115233,0.032179,9
1,0,0.4,0.264419,0.135501,0.030527,9
1,0,0.4,0.305021,0.121468,0.038867,9
1,0,0.4,0.253309,0.108338,0.039489,9
1,0,0.4,0.311487,0.120441,0.055036,9
1,0,0.4,0.244081,0.162943,0.034278,9
1,0,0.4,0.273769,0.150107,0.038212,9
1,0,0.4,0.252049,0.087089,0.019101,9
1,0,0.4,0.253749,0.11149,0.031717,9
1,0,0.4,0.300058,0.176428,0.057233,9
1,0,0.4,0.223241,0.131846,0.029913,9
1,0,0.4,0.219036,0.13032,0.023366,9
1,0,0.4,0.22211,0.125166,0.024234,9
1,0,0.4,0.284181,0.106265,0.050628,9
1,0,0.4,0.275894,0.139672,0.044842,9
1,0,0.4,0.311616,0.183463,0.067224,9
1,0,0.4,0.263463,0.183121,0.049253,9
1,0,0.4,0.198015,0.058126,0.01921,9
1,0,0.4,0.2715,0.186178,0.046423,9
1,0,0.4,0.238176,0.134912,0.014177,9
1,0,0.4,0.156472,0.187308,0.06269,9
1,0,0.4,0.270066,0.147261,0.036666,9
1,0,0.4,0.326103,0.213672,0.073079,9
1,0,0.4,0.273268,0.126463,0.032499,9
1,0,0.4,0.276273,0.094274,0.041846,9
1,0,0.4,0.275211,0.126553,0.044524,9
1,0,0.4,0.28494,0.157478,0.04088,9
1,0,0.4,0.236916,0.065693,0.025768,9
1,0,0.4,0.277715,0.096537,0.030945,9
1,0,0.4,0.299807,0.199313,0.066977,9
1,0,0.4,0.23467,0.088736,0.029593,9
1,0,0.4,0.208488,0.097346,0.013109,9
1,0,0.4,0.238738,0.131166,0.024544,9
1,0,0.4,0.2415,0.146193,0.046122,9
1,0,0.4,0.210567,0.099299,0.041465,9
1,0,0.4,0.185394,0.068413,0.016797,9
1,0,0.4,0.256071,0.146302,0.043447,9
1,0,0.4,0.222178,0.041353,0.013031,9
1,0,0.4,0.232909,0.067094,0.021504,9
1,0,0.4,0.245651,0.15854,0.03968,9
1,0,0.4,0.381534,0.208503,0.115207,9
1,0,0.4,0.240119,0.142979,0.047839,9
1,0,0.4,0.249788,0.099731,0.029136,9
1,0,0.4,0.235793,0.116508,0.027824,9
0.5,0.166667,0.2,0.795641,0.630368,0.448338,9
1,0,0.4,0.255123,0.145408,0.0527,9
1,0,0.4,0.228326,0.143102,0.0202,9
1,0,0.4,0.277715,0.127709,0.026489,9
1,0,0.4,0.246653,0.13803,0.038814,9
1,0,0.4,0.207562,0.181743,0.076303,9
1,0,0.4,0.291588,0.181716,0.063099,9
1,0,0.4,0.289327,0.210369,0.057777,9
1,0,0.4,0.302259,0.129007,0.05762,9
1,0,0.4,0.246653,0.124287,0.028533,9
1,0,0.4,0.265042,0.120103,0.05322,9
0.5,0.166667,0.2,0.616902,0.556134,0.450066,9
1,0,0.4,0.315623,0.170794,0.067745,9
1,0,0.4,0.231278,0.139561,0.050198,9
1,0,0.4,0.197954,0.096754,0.041231,9
1,0,0.4,0.269747,0.086095,0.050347,9
1,0,0.4,0.28324,0.123893,0.029711,9
1,0,0.4,0.278474,0.132879,0.049569,9
1,0,0.4,0.24276,0.118924,0.038701,9
1,0,0.4,0.242578,0.067731,0.026163,9
1,0,0.4,0.185402,0.097335,0.024126,9
1,0,0.4,0.2449,0.091607,0.036922,9
1,0,0.4,0.264981,0.07372,0.04273,9
1,0,0.4,0.199335,0.096297,0.021803,9
1,0,0.4,0.241318,0.085772,0.033775,9
1,0,0.4,0.22406,0.13898,0.018631,9
1,0,0.4,0.231908,0.075794,0.029149,9
1,0,0.4,0.27339,0.102923,0.031029,9
1,0,0.4,0.222239,0.14631,0.03238,9
1,0,0.4,0.220979,0.141808,0.030645,9
1,0,0.4,0.286375,0.148131,0.050399,9
1,0,0.4,0.246843,0.110741,0.019477,9
1,0,0.4,0.262279,0.074734,0.028046,9
1,0,0.4,0.271629,0.080423,0.025328,9
1,0,0.4,0.201339,0.087208,0.015656,9
1,0,0.4,0.247723,0.100016,0.039941,9
1,0,0.4,0.213451,0.080143,0.04087,9
1,0,0.4,0.25343,0.14015,0.026749,9
0.5,0.166667,0.2,0.245029,0.114713,0.074206,9
1,0,0.4,0.249909,0.14917,0.031155,9
1,0,0.4,0.232029,0.06237,0.0271,9
1,0,0.4,0.256572,0.167764,0.059539,9
1,0,0.4,0.246084,0.107819,0.036959,9
1,0,0.4,0.279036,0.180143,0.055644,9
1,0,0.4,0.223499,0.053884,0.021002,9
1,0,0.4,0.294229,0.155926,0.091488,9
1,0,0.4,0.284181,0.102195,0.035408,9
1,0,0.4,0.296931,0.155467,0.06834,9
1,0.166667,0.6,0.221298,0.088972,0.017894,9
1,0,0.4,0.254128,0.116855,0.038832,9
1,0,0.4,0.246221,0.081913,0.059232,9
1,0,0.4,0.254629,0.14067,0.041851,9
1,0,0.4,0.310478,0.144443,0.062647,9
1,0,0.4,0.204792,0.094453,0.02526,9
1,0,0.4,0.235292,0.065245,0.02089,9
1,0,0.4,0.248657,0.104659,0.037886,9
1,0,0.4,0.257771,0.069392,0.037009,9
1,0,0.4,0.246782,0.080889,0.040328,9
1,0,0.4,0.305901,0.225809,0.058165,9
1,0,0.4,0.214771,0.135125,0.034004,9
1,0,0.4,0.264093,0.152012,0.038995,9
1,0,0.4,0.295481,0.193862,0.084202,9
1,0,0.4,0.245963,0.156887,0.026064,9
1,0,0.4,0.199768,0.078462,0.025582,9
1,0,0.4,0.174109,0.173243,0.037772,9
1,0,0.4,0.221298,0.034622,0.028705,9
1,0,0.4,0.2432,0.129939,0.094736,9
1,0,0.4,0.19381,0.148762,0.050127,9
1,0,0.4,0.267425,0.107576,0.019305,9
1,0,0.4,0.240939,0.079763,0.016757,9
1,0,0.4,0.20505,0.114382,0.05026,9
1,0,0.4,0.226064,0.131423,0.029003,9
1,0,0.4,0.257194,0.106958,0.042279,9
1,0,0.4,0.272449,0.175805,0.059981,9
1,0,0.4,0.240756,0.092643,0.021437,9
1,0,0.4,0.227825,0.096069,0.026867,9
1,0,0.4,0.221359,0.101333,0.020965,9
1,0,0.4,0.277913,0.128445,0.044329,9
1,0,0.4,0.309605,0.210682,0.066974,9
1,0,0.4,0.277093,0.117302,0.02129,9
1,0,0.4,0.299496,0.117141,0.046446,9
1,0,0.4,0.249545,0.102204,0.0263,9
1,0,0.4,0.228083,0.077526,0.042046,9
1,0,0.4,0.218156,0.130735,0.027862,9
1,0,0.4,0.200716,0.101156,0.023016,9
1,0,0.4,0.240498,0.138971,0.040618,9
1,0,0.4,0.25217,0.171469,0.032495,9
1,0,0.4,0.261088,0.166229,0.029653,9
0.5,0.166667,0.2,0.257566,0.055261,0.042478,9
1,0,0.4,0.226884,0.132207,0.038448,9
1,0,0.4,0.252929,0.09513,0.024601,9
1,0,0.4,0.255191,0.120655,0.027364,9
1,0.166667,0.6,0.320396,0.16462,0.070323,9
1,0,0.4,0.199958,0.06302,0.017488,9
1,0,0.4,0.28261,0.155918,0.048532,9
1,0,0.4,0.220236,0.083112,0.036982,9
1,0,0.4,0.25469,0.148087,0.019467,9
1,0,0.4,0.277085,0.139609,0.044918,9
1,0,0.4,0.2619,0.086677,0.028437,9
1,0,0.4,0.256193,0.106053,0.027234,9
1,0,0.4,0.241758,0.100569,0.031623,9
1,0,0.4,0.256132,0.077155,0.032169,9
1,0,0.4,0.196254,0.08472,0.03668,9
1,0,0.4,0.29284,0.221619,0.047925,9
1,0,0.4,0.216153,0.035659,0.024641,9
1,0,0.4,0.30238,0.13179,0.037219,9
1,0,0.4,0.265034,0.108634,0.034804,9
1,0,0.4,0.244703,0.100523,0.021623,9
1,0,0.4,0.174663,0.047206,0.013334,9
0.5,0.166667,0.2,0.266559,0.258818,0.133853,10
0.5,0.166667,0.2,0.28406,0.217306,0.129975,10
0.5,0.166667,0.2,0.472603,0.34386,0.273094,10
0.5,0.166667,0.2,0.257893,0.233457,0.141655,10
0.5,0.166667,0.2,0.508758,0.498236,0.33118,10
0.5,0.166667,0.2,0.210385,0.193887,0.086445,10
0.5,0.166667,0.2,0.271325,0.248878,0.133445,10
0.5,0.166667,0.2,0.264601,0.191796,0.117533,10
0.5,0.166667,0.2,0.260716,0.195703,0.138589,10
0.5,0.166667,0.2,0.289205,0.189854,0.144587,10
0.5,0.166667,0.2,0.298312,0.259575,0.156118,10
0.5,0.166667,0.2,0.297052,0.217898,0.144859,10
0.5,0.166667,0.2,0.348901,0.320081,0.185808,10
0.5,0.166667,0.2,0.262598,0.172912,0.106529,10
0.5,0.166667,0.2,0.332585,0.291837,0.166132,10
0.5,0.166667,0.2,0.287384,0.236915,0.151399,10
0.5,0.166667,0.2,0.379652,0.262169,0.181272,10
0.5,0.166667,0.2,0.301135,0.154072,0.122498,10
0.5,0.166667,0.2,0.332327,0.204603,0.195966,10
0.5,0.166667,0.2,0.219788,0.18448,0.102619,10
0.5,0.166667,0.2,0.268745,0.293768,0.123376,10
0.5,0.166667,0.2,0.389822,0.395077,0.203105,10
0.5,0.166667,0.2,0.2449,0.196552,0.097797,10
0.5,0.166667,0.2,0.260397,0.181497,0.11589,10
0.5,0.166667,0.2,0.259395,0.192985,0.118253,10
0.5,0.166667,0.2,0.441473,0.315384,0.238531,10
0.5,0.166667,0.2,0.366902,0.198344,0.138216,10
0.5,0.166667,0.2,0.22211,0.158264,0.093529,10
0.5,0.166667,0.2,0.326938,0.336378,0.169474,10
0.5,0.166667,0.2,0.260336,0.206872,0.115354,10
0.5,0.166667,0.2,0.396409,0.324901,0.229244,10
0.5,0.166667,0.2,0.258894,0.136858,0.10313,10
0.5,0.166667,0.2,0.546476,0.340076,0.317047,10
0.5,0.166667,0.2,0.300437,0.216972,0.122296,10
0.5,0.166667,0.2,0.265042,0.154763,0.117585,10
0.5,0.166667,0.2,0.292028,0.19123,0.130942,10
0.5,0.166667,0.2,0.410221,0.354901,0.209736,10
0.5,0.166667,0.2,0.292787,0.227373,0.137262,10
0.5,0.166667,0.2,0.476428,0.304322,0.256237,10
0.5,0.166667,0.2,0.373308,0.310846,0.203487,10
0.5,0.166667,0.2,0.351922,0.345173,0.203785,10
0.5,0.166667,0.2,0.290283,0.204357,0.152303,10
0.5,0.166667,0.2,0.227885,0.09779,0.098254,10
0.5,0.166667,0.2,0.321034,0.245628,0.154234,10
0.5,0.166667,0.2,0.318575,0.185587,0.12815,10
0.5,0.166667,0.2,0.269565,0.191801,0.098792,10
0.5,0.333333,0.4,0.456029,0.329042,0.251867,10
0.5,0.166667,0.2,0.278854,0.223133,0.129149,10
0.5,0.166667,0.2,0.343756,0.277702,0.166608,10
0.5,0.166667,0.2,0.480253,0.39725,0.280413,10
0.5,0.166667,0.2,0.25513,0.136923,0.094752,10
0.5,0.166667,0.2,0.330004,0.210141,0.193873,10
0.5,0.166667,0.2,0.468202,0.371753,0.261417,10
0.5,0.333333,0.2,0.306159,0.222525,0.129258,10
0.5,0.166667,0.2,0.308922,0.174226,0.135905,10
0.5,0.166667,0.2,0.284819,0.166528,0.119071,10
0,0.5,0.2,0.613442,0.587083,0.5795,10
0.5,0.166667,0.2,0.226322,0.104806,0.064401,10
0.5,0.166667,0.2,0.298494,0.235223,0.158453,10
0.5,0.166667,0.2,0.269125,0.201867,0.119693,10
0.5,0.166667,0.2,0.267804,0.139219,0.123586,10
0.5,0.166667,0.2,0.230086,0.148046,0.093208,10
0.5,0.166667,0.2,0.345198,0.310396,0.187137,10
0.5,0.166667,0.2,0.238191,0.241719,0.136056,10
0.5,0.166667,0.2,0.406578,0.286843,0.222938,10
0.5,0.166667,0.2,0.275211,0.207865,0.127791,10
0.5,0.166667,0.2,0.217595,0.112987,0.05641,10
0.5,0.166667,0.2,0.294169,0.250665,0.161849,10
0.5,0.166667,0.2,0.289145,0.204631,0.151679,10
0.5,0.166667,0.2,0.318894,0.277199,0.157416,10
0.5,0.166667,0.2,0.591661,0.437375,0.328081,10
0.5,0.166667,0.2,0.311047,0.214095,0.143356,10
0.5,0.166667,0.2,0.442156,0.252901,0.258716,10
0.5,0.166667,0.2,0.256891,0.160277,0.12016,10
0.5,0.166667,0.2,0.350267,0.262411,0.158322,10
0.5,0.166667,0.2,0.234291,0.24271,0.114066,10
0.5,0.166667,0.2,0.435948,0.383141,0.261797,10
0.5,0.166667,0.2,0.28368,0.188539,0.131719,10
0.5,0.166667,0.2,0.282937,0.170379,0.120548,10
0.5,0.166667,0.2,0.322339,0.252812,0.15747,10
0.5,0.166667,0.2,0.386437,0.259662,0.205343,10
0.5,0.166667,0.2,0.2941,0.230874,0.125517,10
0.5,0.166667,0.2,0.233031,0.123371,0.078627,10
0.5,0.166667,0.2,0.266863,0.139525,0.083305,10
0.5,0.166667,0.2,0.180074,0.181939,0.088505,10
0.5,0.166667,0.2,0.495507,0.311017,0.277392,10
0.5,0.166667,0.2,0.420254,0.217876,0.219793,10
0.5,0.166667,0.2,0.318393,0.201185,0.147718,10
0.5,0.166667,0.2,0.243519,0.138131,0.101592,10
0.5,0.166667,0.2,0.262856,0.226746,0.134443,10
0.5,0.166667,0.2,0.317513,0.182152,0.119809,10
0.5,0.166667,0.2,0.29561,0.189399,0.127863,10
0.5,0.166667,0.2,0.261156,0.297726,0.146813,10
0.5,0.166667,0.2,0.355488,0.297128,0.174656,10
0.5,0.166667,0.2,0.284439,0.190598,0.137044,10
0.5,0.166667,0.2,0.322597,0.237051,0.160346,10
0.5,0.166667,0.2,0.421195,0.3608,0.230569,10
0.5,0.166667,0.2,0.309301,0.259648,0.164708,10
0.5,0.166667,0.2,0.250546,0.244603,0.122985,10
0.5,0.166667,0.2,0.306159,0.277252,0.163538,10
0.5,0.166667,0.2,0.368982,0.38275,0.205549,10
0.5,0.166667,0.2,0.258454,0.202074,0.125009,10
0.5,0.166667,0.2,0.235793,0.21075,0.118179,10
0.5,0.166667,0.2,0.269883,0.207632,0.134261,10
0.5,0.166667,0.2,0.296491,0.21175,0.13237,10
0.5,0.166667,0.2,0.335651,0.162449,0.155052,10
0.5,0.166667,0.2,0.291588,0.148258,0.108802,10
0,0.5,0.2,0.658764,0.570372,0.635215,10
0.5,0.166667,0.2,0.271826,0.164302,0.095861,10
0.5,0.166667,0.2,0.260336,0.291196,0.145512,10
0.5,0.166667,0.2,0.245902,0.139157,0.081014,10
0.5,0.166667,0.2,0.270126,0.227185,0.137802,10
0.5,0.166667,0.2,0.236734,0.211717,0.10146,10
0.5,0.166667,0.2,0.297614,0.263661,0.150125,10
0.5,0.166667,0.2,0.325299,0.279654,0.16331,10
0.5,0.166667,0.2,0.237873,0.202879,0.112849,10
0.5,0.166667,0.2,0.311927,0.285634,0.160099,10
0.5,0.166667,0.2,0.250167,0.195264,0.124169,10
0.5,0.166667,0.2,0.392007,0.282272,0.21454,10
0.5,0.166667,0.2,0.273708,0.207815,0.163278,10
0.5,0.166667,0.2,0.310356,0.344334,0.155203,10
0.5,0.166667,0.2,0.385921,0.254479,0.198491,10
0.5,0.166667,0.2,0.330262,0.332525,0.174203,10
0.5,0.166667,0.2,0.298995,0.168084,0.136983,10
0.5,0.166667,0.2,0.322279,0.229701,0.152083,10
0.5,0.166667,0.2,0.345198,0.312073,0.188405,10
0.5,0.166667,0.2,0.31683,0.29911,0.167416,10
0.5,0.166667,0.2,0.351785,0.15815,0.180423,10
0.5,0.166667,0.2,0.454207,0.333912,0.257053,10
0.5,0.166667,0.2,0.371426,0.339619,0.182294,10
0.5,0.166667,0.2,0.270627,0.279501,0.143044,10
0.5,0.333333,0.4,0.382354,0.364936,0.191478,10
0.5,0.166667,0.2,0.257073,0.276677,0.143561,10
0.5,0.166667,0.2,0.258454,0.145481,0.115446,10
0.5,0.166667,0.2,0.297052,0.196021,0.139502,10
0.5,0.166667,0.2,0.217974,0.11756,0.080675,10
0.5,0.166667,0.2,0.470463,0.304206,0.27331,10
0.5,0.166667,0.2,0.341555,0.298448,0.155901,10
0.5,0.166667,0.2,0.32322,0.256672,0.1564,10
0.5,0.166667,0.2,0.380411,0.282005,0.174737,10
0.5,0.166667,0.2,0.276592,0.193148,0.119426,10
0.5,0.166667,0.2,0.238434,0.066538,0.061718,10
0.5,0.166667,0.2,0.343057,0.230355,0.171324,10
0.5,0.166667,0.2,0.274832,0.23813,0.128061,10
0.5,0.166667,0.2,0.2862,0.258469,0.142464,10
0,0.333333,0,0.593801,0.569145,0.496578,10
0.5,0.166667,0.2,0.296354,0.239821,0.152879,10
0.5,0.166667,0.2,0.266984,0.137874,0.112904,10
0.5,0.166667,0.2,0.283559,0.194452,0.140311,10
0.5,0.166667,0.2,0.268806,0.126328,0.126251,10
0.5,0.166667,0.2,0.220736,0.099047,0.07166,10
0,0.333333,0,0.731255,0.649059,0.450921,10
0,0.333333,0,0.640505,0.58862,0.504296,10
0.5,0.166667,0.2,0.244202,0.233023,0.104652,10
0,0.333333,0,0.297675,0.179825,0.12688,10
0.5,0.166667,0.2,0.266301,0.26707,0.150702,10
0.5,0.166667,0.2,0.270764,0.151536,0.099775,10
0.5,0.166667,0.2,0.285942,0.216997,0.142626,10
0.5,0.166667,0.2,0.28834,0.183797,0.125604,10
0.5,0.166667,0.2,0.402374,0.225335,0.194675,10
0.5,0.166667,0.2,0.211447,0.226951,0.110726,10
0.5,0.166667,0.2,0.265421,0.112756,0.091511,10
0.5,0.166667,0.2,0.356551,0.210653,0.14545,10
0.5,0.166667,0.2,0.209247,0.128475,0.095902,10
0.5,0.166667,0.2,0.267683,0.199029,0.124996,10
0.5,0.166667,0.2,0.284879,0.211666,0.120402,10
0.5,0.166667,0.2,0.22614,0.165698,0.083552,10
0.5,0.166667,0.2,0.377831,0.253636,0.207314,10
0.5,0.166667,0.2,0.260837,0.143463,0.118759,10
0.5,0.166667,0.2,0.297993,0.239197,0.142261,10
0.5,0.166667,0.2,0.255692,0.227242,0.119443,10
0.5,0.166667,0.2,0.218915,0.13337,0.089324,10
0.5,0.166667,0.2,0.298054,0.221001,0.133324,10
0.5,0.166667,0.2,0.267941,0.178057,0.118108,10
0.5,0.166667,0.2,0.247784,0.262287,0.122139,10
0.5,0.166667,0.2,0.297553,0.177827,0.12821,10
0.5,0.166667,0.2,0.365779,0.287892,0.183079,10
0.5,0.166667,0.2,0.276911,0.21314,0.1192,10
0.5,0.166667,0.2,0.269686,0.138613,0.111778,10
0.5,0.166667,0.2,0.24572,0.158606,0.099638,10
0.5,0.166667,0.2,0.311183,0.263879,0.148624,10
0.5,0.166667,0.2,0.387681,0.24819,0.220984,10
0.5,0.166667,0.2,0.41523,0.281755,0.19558,10
0.5,0.166667,0.2,0.25387,0.195346,0.132926,10
0.5,0.166667,0.2,0.29347,0.20197,0.139872,10
0.5,0.166667,0.2,0.301333,0.333612,0.159884,10
0.5,0.166667,0.2,0.304399,0.171262,0.134406,10
0.5,0.166667,0.2,0.330004,0.267167,0.180189,10
0.5,0.166667,0.2,0.27427,0.225282,0.14239,10
0.5,0.166667,0.2,0.284697,0.143693,0.133533,10
0.5,0.166667,0.2,0.297432,0.236398,0.139777,10
0.5,0.166667,0.2,0.231725,0.156232,0.093547,10
0.5,0.166667,0.2,0.407899,0.370571,0.227128,10
0.5,0.166667,0.2,0.453524,0.311087,0.242833,10
0.5,0.166667,0.2,0.306402,0.234936,0.152658,10
0.5,0.166667,0.2,0.440092,0.362128,0.240908,10
0.5,0.166667,0.2,0.401433,0.337088,0.235778,10
0.5,0.166667,0.2,0.266863,0.281738,0.144256,10
0.5,0.166667,0.2,0.329503,0.200078,0.166048,10
0.5,0.166667,0.2,0.261156,0.297726,0.146813,10
